fid,COD_REG,COD_UTS,PRO_COM,SEZ21,SEZ21_ID,COD_TIPO_S,TIPO_LOC,LOC21_ID,COD_ZIC,COD_ISAM,COD_ACQUE,COD_ISOLE,COD_MONT_D,COD_AREA_S,COM_ASC1_geo,COM_ASC2_geo,COM_ASC3_geo,POP21,FAM21,ABI21,EDI21,CODREG,REGIONE,CODPRO,PROVINCIA,CODCOM,COMUNE,PROCOM,COM_ASC1_istat,COM_ASC2_istat,COM_ASC3_istat,P1,P2,P3,P14,P15,P16,P17,P18,P19,P20,P21,P22,P23,P24,P25,P26,P27,P28,P29,P30,P31,P32,P33,P34,P35,P36,P37,P38,P39,P40,P41,P42,P43,P44,P45,P67,P68,P69,P70,P71,P72,P73,P74,P75,P76,P77,P78,P79,P80,P81,P82,P83,P84,P85,P86,P87,P88,P89,P90,P91,P92,P93,P94,P95,P96,P97,P98,P99,P100,P101,P102,P103,IT1,IT2,IT3,IT4,IT5,IT6,IT7,IT8,IT9,IT10,IT11,IT12,ST1,ST2,ST2_B,ST3,ST4,ST5,ST16,ST17,ST18,ST19,ST20,ST21,ST22,ST23,ST24,ST25,ST26,ST27,ST28,ST29,ST30,ST31,ST32,ST33,EM1,EM2,EM3,EM4,EM5,EM6,PF1,PF3,PF4,PF5,PF6,PF7,PF8,PF9,NA1,A2,A3,A5,A8,match_istat_2023,pop_riferimento,fam_riferimento,abi_riferimento,edi_riferimento,area_m2,area_km2,perimetro_m,dens_pop_km2,persone_famiglia,quota_m_min,quota_m_mean,quota_m_median,quota_m_max,quota_m_std,quota_m_n,pend_deg_min,pend_deg_mean,pend_deg_median,pend_deg_max,pend_deg_std,pend_deg_n,pend_pct_min,pend_pct_mean,pend_pct_median,pend_pct_max,pend_pct_std,pend_pct_n,dislivello_m,classe_pendenza
1,4,22,22061,58,220610000058,22,4,2206140001,0,0,0,0,0,0,0,0,0,15,5,7,6,4.0,Trentino-Alto Adige/Südtirol,22.0,Trento,61.0,Civezzano,22061.0,0.0,0.0,0.0,30.0,11.0,19.0,1.0,1.0,2.0,2.0,2.0,1.0,2.0,1.0,2.0,1.0,3.0,3.0,1.0,1.0,2.0,5.0,0.0,0.0,2.0,0.0,1.0,0.0,1.0,0.0,1.0,0.0,1.0,2.0,0.0,0.0,0.0,3.0,1.0,1.0,0.0,2.0,1.0,1.0,1.0,1.0,1.0,1.0,2.0,1.0,1.0,1.0,2.0,2.0,28.0,11.0,17.0,1.0,6.0,7.0,8.0,6.0,1.0,3.0,2.0,2.0,3.0,0.0,3.0,5.0,6.0,3.0,12.0,6.0,6.0,4.0,18.0,8.0,2.0,6.0,3.0,2.0,12.0,5.0,12.0,6.0,6.0,0.0,0.0,0.0,0.0,0.0,0.0,0.0,0.0,0.0,0.0,0.0,0.0,0.0,0.0,0.0,0.0,0.0,0.0,0.0,0.0,0.0,0.0,0.0,0.0,19.0,1.0,5.0,5.0,0.0,0.0,10.0,1.0,4.0,2.0,1.0,1.0,1.0,0.0,16.0,10.0,2.0,0.0,12.0,True,30.0,10.0,7.0,6.0,30.41451018882173,3.041451018882173e-05,470.6567367893933,986371.3015186392,3.0,766.6279907226562,855.8577270507812,786.751953125,998.3469848632812,103.04664611816406,30,1.7773950099945068,23.535612106323242,25.552806854248047,52.90254592895508,12.685429573059082,30,3.103135108947754,46.392581939697266,47.810977935791016,132.2359161376953,28.689218521118164,30,231.718994140625,molto elevata (25–35°)
2,4,22,22061,107,220610000107,22,4,2206140001,0,0,0,0,0,0,0,0,0,0,0,2,2,,,,,,,,,,,,,,,,,,,,,,,,,,,,,,,,,,,,,,,,,,,,,,,,,,,,,,,,,,,,,,,,,,,,,,,,,,,,,,,,,,,,,,,,,,,,,,,,,,,,,,,,,,,,,,,,,,,,,,,,,,,,,,,,,,,,,,,,,,False,0.0,0.0,2.0,2.0,15.070196746355563,1.5070196746355564e-05,443.6126654570225,0.0,,349.8169860839844,355.3763732910156,355.156982421875,362.5069885253906,3.671731948852539,16,12.155256271362305,35.53379821777344,38.59941101074219,50.619773864746094,10.728910446166992,16,21.53903579711914,74.76963806152344,79.83407592773438,121.82769012451172,26.872718811035156,16,12.69000244140625,estrema (≥35°)
3,4,22,22061,114,220610000114,22,4,2206140001,0,0,0,0,0,0,0,0,0,0,0,1,1,,,,,,,,,,,,,,,,,,,,,,,,,,,,,,,,,,,,,,,,,,,,,,,,,,,,,,,,,,,,,,,,,,,,,,,,,,,,,,,,,,,,,,,,,,,,,,,,,,,,,,,,,,,,,,,,,,,,,,,,,,,,,,,,,,,,,,,,,,False,0.0,0.0,1.0,1.0,54.03106010183265,5.403106010183265e-05,1156.0172037115722,0.0,,493.27398681640625,683.5018920898438,706.7789916992188,764.7080078125,72.99148559570312,55,6.989814758300781,46.165462493896484,47.00108337402344,77.66865539550781,16.324806213378906,55,12.260412216186523,128.8976287841797,107.24093627929688,457.43902587890625,88.18504333496094,55,271.43402099609375,estrema (≥35°)
4,4,22,22139,61,221390000061,22,4,2213940001,0,0,0,0,0,0,0,0,0,33,11,15,10,4.0,Trentino-Alto Adige/Südtirol,22.0,Trento,139.0,Pergine Valsugana,22139.0,0.0,0.0,0.0,37.0,19.0,18.0,1.0,1.0,2.0,2.0,5.0,1.0,4.0,2.0,2.0,4.0,3.0,3.0,1.0,2.0,1.0,3.0,1.0,0.0,2.0,1.0,3.0,0.0,2.0,0.0,0.0,2.0,2.0,2.0,0.0,2.0,0.0,2.0,0.0,1.0,0.0,1.0,2.0,1.0,2.0,2.0,2.0,2.0,1.0,1.0,1.0,0.0,1.0,1.0,35.0,18.0,17.0,1.0,4.0,9.0,17.0,4.0,1.0,3.0,6.0,8.0,0.0,0.0,1.0,3.0,9.0,4.0,19.0,9.0,10.0,4.0,26.0,6.0,3.0,12.0,4.0,1.0,14.0,2.0,18.0,9.0,9.0,1.0,0.0,1.0,0.0,1.0,0.0,1.0,0.0,1.0,0.0,0.0,0.0,0.0,1.0,0.0,0.0,0.0,0.0,0.0,1.0,0.0,1.0,0.0,1.0,35.0,1.0,0.0,0.0,0.0,1.0,12.0,1.0,6.0,0.0,4.0,0.0,1.0,0.0,23.0,12.0,5.0,0.0,17.0,True,37.0,12.0,15.0,10.0,35.687091173131904,3.56870911731319e-05,1696.6614257957003,1036789.4603821497,3.0833333333333335,657.1820068359375,666.7693481445312,668.1309814453125,676.6199951171875,4.423499584197998,33,0.24554692208766937,7.737048625946045,5.877595901489258,19.56130599975586,5.526522636413574,33,0.42856284976005554,13.739990234375,10.294476509094238,35.53232192993164,9.989209175109863,33,19.43798828125,debole (3–8°)
5,4,22,22139,63,221390000063,22,4,2213940001,0,0,0,0,0,0,0,0,0,0,0,2,2,4.0,Trentino-Alto Adige/Südtirol,22.0,Trento,139.0,Pergine Valsugana,22139.0,0.0,0.0,0.0,0.0,0.0,0.0,0.0,0.0,0.0,0.0,0.0,0.0,0.0,0.0,0.0,0.0,0.0,0.0,0.0,0.0,0.0,0.0,0.0,0.0,0.0,0.0,0.0,0.0,0.0,0.0,0.0,0.0,0.0,0.0,0.0,0.0,0.0,0.0,0.0,0.0,0.0,0.0,0.0,0.0,0.0,0.0,0.0,0.0,0.0,0.0,0.0,0.0,0.0,0.0,0.0,0.0,0.0,0.0,0.0,0.0,0.0,0.0,0.0,0.0,0.0,0.0,0.0,0.0,0.0,0.0,0.0,0.0,0.0,0.0,0.0,0.0,0.0,0.0,0.0,0.0,0.0,0.0,0.0,0.0,0.0,0.0,0.0,0.0,0.0,0.0,0.0,0.0,0.0,0.0,0.0,0.0,0.0,0.0,0.0,0.0,0.0,0.0,0.0,0.0,0.0,0.0,0.0,0.0,0.0,0.0,0.0,0.0,0.0,0.0,0.0,0.0,0.0,0.0,0.0,0.0,0.0,0.0,0.0,0.0,0.0,0.0,0.0,1.0,0.0,1.0,True,0.0,0.0,2.0,2.0,0.4210635346934938,4.2106353469349377e-07,1022.7678111137768,0.0,,716.3300170898438,716.3300170898438,716.3300170898438,716.3300170898438,0.0,1,24.5833683013916,24.5833683013916,24.5833683013916,24.5833683013916,0.0,1,45.74846649169922,45.74846649169922,45.74846649169922,45.74846649169922,0.0,1,0.0,elevata (15–25°)
6,4,22,22139,67,221390000067,22,4,2213940001,0,0,0,0,0,0,0,0,0,30,7,10,5,4.0,Trentino-Alto Adige/Südtirol,22.0,Trento,139.0,Pergine Valsugana,22139.0,0.0,0.0,0.0,28.0,10.0,18.0,0.0,0.0,6.0,1.0,1.0,0.0,0.0,0.0,1.0,3.0,4.0,1.0,1.0,0.0,3.0,7.0,0.0,0.0,4.0,1.0,0.0,0.0,0.0,0.0,0.0,2.0,2.0,1.0,0.0,0.0,0.0,0.0,0.0,0.0,2.0,0.0,1.0,0.0,0.0,0.0,1.0,1.0,2.0,0.0,1.0,0.0,3.0,7.0,28.0,10.0,18.0,3.0,6.0,8.0,7.0,4.0,1.0,3.0,4.0,1.0,1.0,2.0,3.0,4.0,6.0,3.0,9.0,4.0,5.0,5.0,10.0,10.0,4.0,5.0,0.0,1.0,5.0,10.0,7.0,3.0,4.0,3.0,1.0,2.0,1.0,2.0,0.0,2.0,0.0,2.0,1.0,1.0,0.0,1.0,2.0,0.0,0.0,1.0,0.0,1.0,1.0,0.0,2.0,1.0,1.0,25.0,0.0,0.0,0.0,1.0,2.0,6.0,1.0,0.0,3.0,1.0,1.0,0.0,0.0,11.0,5.0,15.0,1.0,20.0,True,28.0,6.0,10.0,5.0,13.464691089981633,1.3464691089981633e-05,373.3093443500988,2079512.9879238985,4.666666666666667,1425.4090576171875,1440.194580078125,1438.77392578125,1453.468994140625,9.28044605255127,14,24.622501373291016,37.543357849121094,37.02472686767578,65.81885528564453,10.950061798095703,14,45.831085205078125,83.84765625,75.42613220214844,222.70603942871094,43.89213180541992,14,28.0599365234375,estrema (≥35°)
7,4,22,22139,71,221390000071,22,4,2213940001,0,0,0,0,0,0,0,0,0,22,8,13,9,4.0,Trentino-Alto Adige/Südtirol,22.0,Trento,139.0,Pergine Valsugana,22139.0,0.0,0.0,0.0,21.0,13.0,8.0,0.0,0.0,1.0,1.0,4.0,1.0,0.0,0.0,1.0,2.0,2.0,3.0,1.0,2.0,1.0,2.0,0.0,0.0,0.0,1.0,3.0,1.0,0.0,0.0,1.0,2.0,0.0,2.0,0.0,2.0,0.0,1.0,0.0,0.0,1.0,0.0,1.0,0.0,0.0,0.0,0.0,0.0,2.0,1.0,1.0,0.0,1.0,1.0,21.0,13.0,8.0,0.0,3.0,4.0,9.0,5.0,0.0,1.0,3.0,5.0,4.0,0.0,2.0,1.0,4.0,1.0,13.0,9.0,4.0,1.0,15.0,5.0,0.0,10.0,3.0,1.0,5.0,2.0,13.0,9.0,4.0,0.0,0.0,0.0,0.0,0.0,0.0,0.0,0.0,0.0,0.0,0.0,0.0,0.0,0.0,0.0,0.0,0.0,0.0,0.0,0.0,0.0,0.0,0.0,0.0,20.0,1.0,0.0,0.0,0.0,0.0,7.0,2.0,0.0,2.0,2.0,1.0,0.0,0.0,15.0,7.0,14.0,0.0,21.0,True,21.0,7.0,13.0,9.0,167.54900234474533,0.00016754900234474532,1256.079370471119,125336.4669805126,3.0,1463.9449462890625,1559.177001953125,1560.5140380859375,1582.6510009765625,21.911529541015625,175,1.2822096347808838,35.06135559082031,36.89935302734375,67.12679290771484,14.163963317871094,175,2.2382516860961914,77.6101303100586,75.08035278320312,237.0423126220703,43.51011276245117,175,118.7060546875,estrema (≥35°)
8,4,22,22205,232,222050000232,22,4,2220540001,0,0,0,0,0,0,22205010,0,0,90,38,46,18,4.0,Trentino-Alto Adige/Südtirol,22.0,Trento,205.0,Trento,22205.0,22205010.0,0.0,0.0,100.0,42.0,58.0,1.0,1.0,5.0,8.0,11.0,2.0,6.0,1.0,2.0,11.0,16.0,3.0,6.0,8.0,6.0,13.0,1.0,0.0,2.0,2.0,4.0,1.0,2.0,1.0,1.0,4.0,8.0,0.0,4.0,3.0,3.0,6.0,0.0,1.0,3.0,6.0,7.0,1.0,4.0,0.0,1.0,7.0,8.0,3.0,2.0,5.0,3.0,7.0,98.0,41.0,57.0,1.0,5.0,16.0,43.0,33.0,0.0,3.0,5.0,19.0,14.0,1.0,2.0,11.0,24.0,19.0,36.0,18.0,18.0,7.0,61.0,27.0,3.0,25.0,12.0,4.0,36.0,15.0,32.0,16.0,16.0,5.0,2.0,3.0,2.0,3.0,0.0,4.0,2.0,2.0,1.0,0.0,1.0,0.0,5.0,0.0,0.0,2.0,0.0,0.0,3.0,0.0,4.0,2.0,2.0,90.0,2.0,0.0,3.0,0.0,5.0,43.0,11.0,16.0,8.0,7.0,1.0,0.0,2.0,52.0,42.0,12.0,0.0,54.0,True,100.0,43.0,46.0,18.0,7.727912435023542,7.727912435023542e-06,903.3143910936824,12940105.214804413,2.3255813953488373,289.60699462890625,304.9190979003906,311.6759948730469,312.9739990234375,10.014922142028809,9,3.031802177429199,8.39377498626709,5.43203592300415,22.520597457885742,6.663656234741211,9,5.2964372634887695,15.03898811340332,9.509199142456055,41.463478088378906,12.323099136352539,9,23.36700439453125,debole (3–8°)
9,4,22,22205,233,222050000233,1,1,2220510011,0,0,0,0,0,0,22205007,0,0,138,70,73,31,4.0,Trentino-Alto Adige/Südtirol,22.0,Trento,205.0,Trento,22205.0,22205007.0,0.0,0.0,148.0,66.0,82.0,5.0,7.0,7.0,10.0,9.0,5.0,4.0,13.0,7.0,11.0,11.0,8.0,8.0,10.0,3.0,30.0,2.0,3.0,3.0,3.0,5.0,2.0,3.0,7.0,3.0,6.0,5.0,1.0,3.0,3.0,3.0,14.0,3.0,4.0,4.0,7.0,4.0,3.0,1.0,6.0,4.0,5.0,6.0,7.0,5.0,7.0,0.0,16.0,138.0,62.0,76.0,6.0,11.0,47.0,52.0,22.0,3.0,4.0,21.0,25.0,9.0,3.0,7.0,26.0,27.0,13.0,50.0,27.0,23.0,16.0,72.0,43.0,6.0,32.0,20.0,10.0,40.0,23.0,43.0,21.0,22.0,17.0,8.0,9.0,5.0,11.0,1.0,2.0,1.0,1.0,15.0,7.0,8.0,3.0,14.0,0.0,2.0,6.0,0.0,1.0,8.0,0.0,7.0,6.0,1.0,125.0,2.0,2.0,2.0,2.0,15.0,70.0,28.0,20.0,10.0,10.0,2.0,0.0,0.0,66.0,70.0,22.0,0.0,92.0,True,148.0,70.0,73.0,31.0,31674.699917876576,0.031674699917876574,1031.0126030565807,4672.498883453407,2.1142857142857143,386.27801513671875,396.31072998046875,396.80499267578125,404.3059997558594,4.492265224456787,31685,0.0,6.8247575759887695,4.520282745361328,65.96728515625,7.526141166687012,31685,0.0,12.50674057006836,7.90579080581665,224.2589874267578,15.701658248901367,31685,18.027984619140625,debole (3–8°)
10,4,22,22205,234,222050000234,1,1,2220510011,0,0,0,0,0,0,22205007,0,0,73,33,38,11,4.0,Trentino-Alto Adige/Südtirol,22.0,Trento,205.0,Trento,22205.0,22205007.0,0.0,0.0,73.0,32.0,41.0,2.0,4.0,4.0,4.0,3.0,2.0,4.0,2.0,5.0,9.0,5.0,2.0,6.0,4.0,2.0,15.0,1.0,2.0,2.0,1.0,2.0,0.0,3.0,0.0,4.0,4.0,3.0,1.0,2.0,2.0,1.0,4.0,1.0,2.0,2.0,3.0,1.0,2.0,1.0,2.0,1.0,5.0,2.0,1.0,4.0,2.0,1.0,11.0,68.0,29.0,39.0,2.0,3.0,17.0,27.0,19.0,1.0,2.0,5.0,16.0,5.0,1.0,1.0,12.0,11.0,14.0,31.0,18.0,13.0,10.0,41.0,21.0,5.0,20.0,7.0,5.0,21.0,14.0,31.0,18.0,13.0,1.0,0.0,1.0,0.0,0.0,1.0,1.0,0.0,1.0,0.0,0.0,0.0,0.0,1.0,0.0,0.0,0.0,0.0,0.0,1.0,0.0,0.0,0.0,0.0,72.0,0.0,0.0,0.0,0.0,1.0,33.0,14.0,8.0,3.0,6.0,2.0,0.0,2.0,44.0,32.0,10.0,0.0,42.0,True,73.0,33.0,38.0,11.0,63669.33357419209,0.06366933357419209,1388.118336003165,1146.5488313135106,2.212121212121212,346.98699951171875,378.95257568359375,382.20001220703125,387.9280090332031,7.363231658935547,63654,0.0,7.913737773895264,3.641838550567627,71.79987335205078,10.512346267700195,63654,0.0,15.338748931884766,6.364780902862549,304.1494445800781,24.550195693969727,63654,40.941009521484375,debole (3–8°)
11,4,22,22205,235,222050000235,1,1,2220510011,0,0,0,0,0,0,22205007,0,0,92,43,56,23,4.0,Trentino-Alto Adige/Südtirol,22.0,Trento,205.0,Trento,22205.0,22205007.0,0.0,0.0,104.0,49.0,55.0,5.0,1.0,3.0,6.0,5.0,7.0,4.0,11.0,3.0,4.0,7.0,10.0,12.0,9.0,5.0,12.0,2.0,1.0,2.0,2.0,2.0,2.0,2.0,4.0,2.0,2.0,4.0,3.0,6.0,6.0,4.0,5.0,3.0,0.0,1.0,4.0,3.0,5.0,2.0,7.0,1.0,2.0,3.0,7.0,6.0,3.0,1.0,7.0,98.0,46.0,52.0,3.0,13.0,26.0,32.0,24.0,2.0,8.0,14.0,15.0,7.0,1.0,5.0,12.0,17.0,17.0,49.0,24.0,25.0,9.0,66.0,25.0,5.0,29.0,15.0,4.0,37.0,10.0,46.0,24.0,22.0,4.0,0.0,4.0,0.0,0.0,4.0,0.0,0.0,0.0,4.0,0.0,4.0,0.0,3.0,1.0,0.0,0.0,0.0,0.0,3.0,1.0,3.0,0.0,3.0,95.0,2.0,0.0,3.0,0.0,4.0,48.0,17.0,15.0,9.0,5.0,2.0,0.0,0.0,60.0,48.0,12.0,0.0,60.0,True,104.0,48.0,56.0,23.0,15478.96523246535,0.015478965232465352,638.2211314908252,6718.7953741166075,2.1666666666666665,369.11199951171875,378.84759521484375,378.1719970703125,389.2699890136719,5.3134331703186035,15479,0.0,9.597381591796875,6.866179943084717,69.64104461669922,9.167892456054688,15479,0.0,17.98958396911621,12.04144287109375,269.482666015625,20.917238235473633,15479,20.157989501953125,debole (3–8°)
12,4,22,22205,236,222050000236,22,4,2220540001,0,0,0,0,0,0,22205007,0,0,33,14,17,11,4.0,Trentino-Alto Adige/Südtirol,22.0,Trento,205.0,Trento,22205.0,22205007.0,0.0,0.0,26.0,11.0,15.0,0.0,0.0,1.0,0.0,2.0,2.0,1.0,3.0,2.0,2.0,1.0,2.0,3.0,4.0,1.0,2.0,0.0,0.0,0.0,0.0,1.0,1.0,0.0,1.0,2.0,0.0,0.0,1.0,1.0,2.0,1.0,1.0,0.0,0.0,1.0,0.0,1.0,1.0,1.0,2.0,0.0,2.0,1.0,1.0,2.0,2.0,0.0,1.0,26.0,11.0,15.0,0.0,1.0,3.0,10.0,12.0,0.0,0.0,2.0,3.0,6.0,0.0,1.0,1.0,7.0,6.0,12.0,6.0,6.0,1.0,18.0,7.0,0.0,7.0,4.0,1.0,11.0,3.0,12.0,6.0,6.0,0.0,0.0,0.0,0.0,0.0,0.0,0.0,0.0,0.0,0.0,0.0,0.0,0.0,0.0,0.0,0.0,0.0,0.0,0.0,0.0,0.0,0.0,0.0,0.0,26.0,0.0,0.0,0.0,0.0,0.0,14.0,6.0,5.0,2.0,1.0,0.0,0.0,0.0,19.0,14.0,0.0,0.0,14.0,True,26.0,14.0,17.0,11.0,749846.6889008551,0.7498466889008552,5268.530197166405,34.67375449521752,1.8571428571428572,386.2650146484375,657.1795654296875,684.56298828125,866.3670043945312,143.21641540527344,749872,0.0,23.6674747467041,22.81779670715332,81.1620101928711,12.190258026123047,749872,0.0,46.85706329345703,42.07268524169922,643.139892578125,29.550676345825195,749872,480.10198974609375,elevata (15–25°)
13,4,22,22205,237,222050000237,1,1,2220510011,0,0,0,0,0,0,22205007,0,0,75,32,43,18,4.0,Trentino-Alto Adige/Südtirol,22.0,Trento,205.0,Trento,22205.0,22205007.0,0.0,0.0,80.0,40.0,40.0,0.0,3.0,2.0,7.0,6.0,9.0,1.0,1.0,3.0,6.0,9.0,7.0,8.0,4.0,1.0,13.0,0.0,1.0,1.0,4.0,3.0,6.0,1.0,1.0,2.0,2.0,2.0,4.0,6.0,2.0,1.0,4.0,0.0,2.0,1.0,3.0,3.0,3.0,0.0,0.0,1.0,4.0,7.0,3.0,2.0,2.0,0.0,9.0,77.0,39.0,38.0,0.0,5.0,19.0,26.0,27.0,0.0,1.0,11.0,13.0,14.0,0.0,4.0,8.0,13.0,13.0,35.0,21.0,14.0,5.0,54.0,18.0,2.0,30.0,7.0,3.0,24.0,11.0,33.0,20.0,13.0,3.0,1.0,2.0,1.0,2.0,0.0,0.0,0.0,0.0,3.0,1.0,2.0,0.0,3.0,0.0,0.0,1.0,0.0,0.0,2.0,0.0,2.0,1.0,1.0,73.0,2.0,0.0,2.0,0.0,3.0,35.0,13.0,9.0,4.0,8.0,1.0,0.0,2.0,39.0,34.0,7.0,0.0,41.0,True,80.0,35.0,43.0,18.0,23545.928687751657,0.02354592868775166,627.1740992937026,3397.6149788313573,2.2857142857142856,365.57501220703125,372.4478759765625,372.4169921875,377.0379943847656,2.6704306602478027,23546,0.0,5.770416259765625,4.0045905113220215,68.05570220947266,6.062328338623047,23546,0.0,10.43071174621582,7.000732421875,248.20314025878906,12.653454780578613,23546,11.462982177734375,debole (3–8°)
14,4,22,22205,238,222050000238,65,4,2220540001,0,0,0,0,0,0,22205007,0,0,106,39,48,24,4.0,Trentino-Alto Adige/Südtirol,22.0,Trento,205.0,Trento,22205.0,22205007.0,0.0,0.0,63.0,30.0,33.0,2.0,2.0,4.0,5.0,7.0,5.0,3.0,2.0,2.0,4.0,5.0,5.0,7.0,1.0,0.0,9.0,1.0,2.0,2.0,2.0,4.0,4.0,1.0,1.0,1.0,1.0,1.0,3.0,4.0,0.0,0.0,3.0,1.0,0.0,2.0,3.0,3.0,1.0,2.0,1.0,1.0,3.0,4.0,2.0,3.0,1.0,0.0,6.0,60.0,28.0,32.0,2.0,5.0,10.0,25.0,18.0,1.0,2.0,5.0,11.0,9.0,1.0,3.0,5.0,14.0,9.0,30.0,15.0,15.0,8.0,44.0,9.0,5.0,22.0,3.0,3.0,22.0,6.0,29.0,15.0,14.0,2.0,0.0,2.0,0.0,1.0,1.0,1.0,0.0,1.0,1.0,0.0,1.0,0.0,1.0,1.0,0.0,0.0,0.0,0.0,1.0,1.0,1.0,0.0,1.0,59.0,1.0,0.0,1.0,0.0,2.0,21.0,3.0,6.0,3.0,7.0,1.0,1.0,0.0,23.0,21.0,7.0,0.0,28.0,True,63.0,21.0,48.0,24.0,711701.9005961261,0.7117019005961261,7465.2340394381845,88.5202076139333,3.0,236.79800415039062,342.12542724609375,346.5840148925781,387.8070068359375,27.262155532836914,711719,0.0,13.11534309387207,6.895236492156982,84.16162109375,14.347179412841797,711719,0.0,26.90862464904785,12.092894554138184,977.9656372070312,37.055503845214844,711719,151.00900268554688,debole (3–8°)
15,4,22,22205,239,222050000239,22,4,2220540001,0,0,0,0,0,0,22205007,0,0,11,4,6,2,,,,,,,,,,,,,,,,,,,,,,,,,,,,,,,,,,,,,,,,,,,,,,,,,,,,,,,,,,,,,,,,,,,,,,,,,,,,,,,,,,,,,,,,,,,,,,,,,,,,,,,,,,,,,,,,,,,,,,,,,,,,,,,,,,,,,,,,,,False,11.0,4.0,6.0,2.0,179118.10621510763,0.17911810621510763,2702.2410508220573,61.411993641724926,2.75,229.21600341796875,297.4896240234375,299.20599365234375,359.33599853515625,23.744773864746094,179115,0.0,27.35161781311035,25.81475257873535,88.8924560546875,19.11118507385254,179115,0.0,72.25418090820312,48.373661041259766,5172.57958984375,121.83418273925781,179115,130.1199951171875,molto elevata (25–35°)
16,4,22,22205,240,222050000240,22,4,2220540001,0,0,0,0,0,0,22205007,0,0,21,9,11,4,4.0,Trentino-Alto Adige/Südtirol,22.0,Trento,205.0,Trento,22205.0,22205007.0,0.0,0.0,14.0,9.0,5.0,2.0,2.0,1.0,1.0,0.0,0.0,0.0,3.0,3.0,0.0,2.0,0.0,0.0,0.0,0.0,0.0,0.0,2.0,1.0,1.0,0.0,0.0,0.0,2.0,2.0,0.0,1.0,0.0,0.0,0.0,0.0,0.0,2.0,0.0,0.0,0.0,0.0,0.0,0.0,1.0,1.0,0.0,1.0,0.0,0.0,0.0,0.0,0.0,11.0,8.0,3.0,1.0,1.0,1.0,4.0,4.0,1.0,1.0,1.0,4.0,1.0,0.0,0.0,0.0,0.0,3.0,8.0,5.0,3.0,5.0,9.0,0.0,3.0,6.0,0.0,2.0,3.0,0.0,8.0,5.0,3.0,0.0,0.0,0.0,0.0,0.0,0.0,0.0,0.0,0.0,0.0,0.0,0.0,0.0,0.0,0.0,0.0,0.0,0.0,0.0,0.0,0.0,0.0,0.0,0.0,14.0,0.0,0.0,0.0,0.0,0.0,6.0,3.0,0.0,2.0,0.0,1.0,0.0,0.0,6.0,6.0,2.0,0.0,8.0,True,14.0,6.0,11.0,4.0,167996.5503452429,0.16799655034524288,3437.0182774126097,83.33504450674236,2.3333333333333335,367.4620056152344,468.0886535644531,465.260986328125,572.5079956054688,50.51299285888672,167995,0.0,24.018184661865234,19.86216926574707,80.34178924560547,14.57931137084961,167995,0.0,49.60047149658203,36.12483596801758,587.6043701171875,38.29612731933594,167995,205.04598999023438,elevata (15–25°)
17,4,22,22205,241,222050000241,1,1,2220510011,0,0,0,0,0,0,22205007,0,0,154,72,104,32,4.0,Trentino-Alto Adige/Südtirol,22.0,Trento,205.0,Trento,22205.0,22205007.0,0.0,0.0,140.0,66.0,74.0,3.0,4.0,6.0,6.0,5.0,15.0,7.0,5.0,5.0,3.0,11.0,15.0,9.0,12.0,6.0,28.0,2.0,2.0,1.0,4.0,2.0,10.0,5.0,1.0,4.0,1.0,6.0,7.0,5.0,4.0,4.0,8.0,1.0,2.0,5.0,2.0,3.0,5.0,2.0,4.0,1.0,2.0,5.0,8.0,4.0,8.0,2.0,20.0,135.0,64.0,71.0,3.0,12.0,38.0,48.0,34.0,3.0,2.0,22.0,17.0,20.0,0.0,10.0,16.0,31.0,14.0,52.0,27.0,25.0,11.0,69.0,43.0,4.0,37.0,15.0,7.0,32.0,28.0,45.0,23.0,22.0,17.0,10.0,7.0,7.0,5.0,5.0,2.0,1.0,1.0,15.0,9.0,6.0,2.0,12.0,3.0,1.0,8.0,1.0,1.0,4.0,2.0,7.0,4.0,3.0,115.0,3.0,0.0,5.0,3.0,14.0,70.0,38.0,13.0,8.0,9.0,2.0,0.0,6.0,69.0,67.0,43.0,0.0,110.0,True,140.0,70.0,104.0,32.0,31478.004210677263,0.031478004210677264,1067.9603528684402,4447.550075379694,2.0,397.343994140625,406.4093933105469,405.89300537109375,418.37298583984375,3.914569139480591,31496,0.0,6.210765361785889,4.618800640106201,76.75028991699219,6.0339155197143555,31496,0.0,11.315838813781738,8.078835487365723,424.69451904296875,14.599838256835938,31496,21.02899169921875,debole (3–8°)
18,4,22,22205,242,222050000242,1,1,2220510018,0,0,0,0,0,0,22205006,0,0,269,113,125,66,4.0,Trentino-Alto Adige/Südtirol,22.0,Trento,205.0,Trento,22205.0,22205006.0,0.0,0.0,267.0,133.0,134.0,4.0,8.0,20.0,13.0,14.0,10.0,10.0,10.0,14.0,18.0,25.0,37.0,15.0,12.0,21.0,36.0,1.0,3.0,10.0,8.0,9.0,3.0,8.0,7.0,6.0,8.0,9.0,23.0,5.0,9.0,9.0,15.0,3.0,5.0,10.0,5.0,5.0,7.0,2.0,3.0,8.0,10.0,16.0,14.0,10.0,3.0,12.0,21.0,259.0,130.0,129.0,7.0,27.0,58.0,111.0,56.0,2.0,11.0,33.0,53.0,31.0,5.0,16.0,25.0,58.0,25.0,126.0,66.0,60.0,32.0,157.0,69.0,14.0,81.0,33.0,18.0,76.0,36.0,121.0,63.0,58.0,9.0,5.0,4.0,0.0,6.0,3.0,3.0,1.0,2.0,6.0,4.0,2.0,0.0,9.0,0.0,0.0,5.0,0.0,0.0,4.0,0.0,5.0,3.0,2.0,253.0,3.0,0.0,2.0,0.0,9.0,120.0,41.0,36.0,22.0,19.0,1.0,1.0,4.0,174.0,118.0,22.0,0.0,140.0,True,267.0,120.0,125.0,66.0,0.39442010847349707,3.9442010847349706e-07,254.97524774701037,676943173.697091,2.225,,,,,,0,,,,,,0,,,,,,0,,dato non disponibile
19,4,22,22205,246,222050000246,65,4,2220540001,0,0,0,0,0,0,22205007,0,0,28,10,10,5,4.0,Trentino-Alto Adige/Südtirol,22.0,Trento,205.0,Trento,22205.0,22205007.0,0.0,0.0,15.0,8.0,7.0,0.0,0.0,2.0,1.0,0.0,3.0,1.0,0.0,1.0,1.0,0.0,3.0,0.0,0.0,0.0,3.0,0.0,0.0,1.0,0.0,0.0,3.0,0.0,0.0,0.0,1.0,0.0,1.0,0.0,0.0,0.0,2.0,0.0,0.0,1.0,1.0,0.0,0.0,1.0,0.0,1.0,0.0,0.0,2.0,0.0,0.0,0.0,1.0,15.0,8.0,7.0,0.0,2.0,3.0,8.0,2.0,0.0,0.0,2.0,4.0,2.0,0.0,2.0,1.0,4.0,0.0,7.0,5.0,2.0,2.0,10.0,3.0,1.0,5.0,2.0,1.0,5.0,1.0,7.0,5.0,2.0,0.0,0.0,0.0,0.0,0.0,0.0,0.0,0.0,0.0,0.0,0.0,0.0,0.0,0.0,0.0,0.0,0.0,0.0,0.0,0.0,0.0,0.0,0.0,0.0,14.0,0.0,0.0,1.0,0.0,0.0,7.0,4.0,1.0,0.0,1.0,1.0,0.0,2.0,10.0,6.0,2.0,0.0,8.0,True,15.0,7.0,10.0,5.0,73282.95277312251,0.07328295277312251,1317.5966420339228,204.6860754429296,2.142857142857143,342.20098876953125,374.70953369140625,376.3659973144531,396.4649963378906,12.177290916442871,73289,0.0,17.34221839904785,8.530423164367676,84.45121002197266,17.81056785583496,73289,0.0,40.79607009887695,14.9993896484375,1029.3511962890625,65.4999008178711,73289,54.264007568359375,moderata (8–15°)
20,4,22,22205,247,222050000247,1,2,2220520012,0,0,0,0,0,0,22205007,0,0,83,40,50,20,4.0,Trentino-Alto Adige/Südtirol,22.0,Trento,205.0,Trento,22205.0,22205007.0,0.0,0.0,92.0,48.0,44.0,3.0,6.0,5.0,6.0,1.0,2.0,7.0,6.0,5.0,7.0,7.0,7.0,6.0,3.0,7.0,14.0,2.0,3.0,4.0,2.0,1.0,1.0,4.0,2.0,3.0,4.0,3.0,1.0,5.0,1.0,4.0,8.0,1.0,3.0,1.0,4.0,0.0,1.0,3.0,4.0,2.0,3.0,4.0,6.0,1.0,2.0,3.0,6.0,84.0,43.0,41.0,3.0,7.0,19.0,28.0,27.0,2.0,5.0,7.0,17.0,12.0,1.0,2.0,12.0,11.0,15.0,42.0,21.0,21.0,14.0,50.0,24.0,9.0,25.0,13.0,5.0,25.0,11.0,38.0,20.0,18.0,4.0,1.0,3.0,0.0,3.0,1.0,2.0,0.0,2.0,2.0,1.0,1.0,0.0,4.0,0.0,0.0,1.0,0.0,0.0,3.0,0.0,4.0,1.0,3.0,87.0,0.0,0.0,1.0,0.0,4.0,42.0,16.0,10.0,11.0,4.0,0.0,1.0,0.0,56.0,42.0,12.0,0.0,54.0,True,92.0,42.0,50.0,20.0,28071.847585282583,0.028071847585282583,729.3791899356704,3277.3047702151766,2.1904761904761907,376.06500244140625,388.7777099609375,388.65301513671875,402.70001220703125,6.647275447845459,28075,0.0,9.864272117614746,7.05099630355835,69.26280212402344,9.754590034484863,28075,0.0,18.67452621459961,12.368813514709473,264.12359619140625,22.556396484375,28075,26.635009765625,debole (3–8°)
21,4,22,22205,248,222050000248,22,4,2220540001,0,0,0,0,0,0,22205007,0,0,60,26,28,20,4.0,Trentino-Alto Adige/Südtirol,22.0,Trento,205.0,Trento,22205.0,22205007.0,0.0,0.0,47.0,23.0,24.0,4.0,3.0,3.0,0.0,2.0,1.0,2.0,1.0,5.0,2.0,3.0,4.0,4.0,3.0,1.0,9.0,1.0,2.0,2.0,0.0,0.0,0.0,2.0,1.0,1.0,2.0,1.0,2.0,3.0,2.0,1.0,3.0,3.0,1.0,1.0,0.0,2.0,1.0,0.0,0.0,4.0,0.0,2.0,2.0,1.0,1.0,0.0,6.0,41.0,21.0,20.0,1.0,4.0,8.0,16.0,12.0,1.0,3.0,3.0,5.0,9.0,0.0,1.0,5.0,11.0,3.0,19.0,9.0,10.0,10.0,23.0,13.0,5.0,11.0,6.0,5.0,12.0,7.0,19.0,9.0,10.0,1.0,1.0,0.0,0.0,1.0,0.0,0.0,0.0,0.0,1.0,1.0,0.0,0.0,1.0,0.0,0.0,1.0,0.0,0.0,0.0,0.0,0.0,0.0,0.0,43.0,2.0,0.0,1.0,0.0,1.0,21.0,7.0,8.0,1.0,4.0,1.0,0.0,0.0,28.0,21.0,3.0,0.0,24.0,True,47.0,21.0,28.0,20.0,1832089.386651205,1.832089386651205,8952.155101832115,25.653770139408547,2.238095238095238,349.78900146484375,657.9937133789062,674.2860107421875,895.156005859375,152.92662048339844,1832055,0.0,22.821218490600586,22.89928436279297,85.2275619506836,11.363033294677734,1832055,0.0,44.40560531616211,42.24018096923828,1197.7786865234375,26.86196517944336,1832055,545.3670043945312,elevata (15–25°)
22,4,22,22205,250,222050000250,65,4,2220540001,0,0,0,0,0,0,22205009,0,0,12,6,6,3,4.0,Trentino-Alto Adige/Südtirol,22.0,Trento,205.0,Trento,22205.0,22205009.0,0.0,0.0,12.0,7.0,5.0,0.0,0.0,0.0,0.0,0.0,0.0,2.0,0.0,0.0,0.0,1.0,1.0,4.0,1.0,0.0,3.0,0.0,0.0,0.0,0.0,0.0,0.0,1.0,0.0,0.0,0.0,0.0,0.0,3.0,1.0,0.0,2.0,0.0,0.0,0.0,0.0,0.0,0.0,1.0,0.0,0.0,0.0,1.0,1.0,1.0,0.0,0.0,1.0,12.0,7.0,5.0,0.0,2.0,4.0,3.0,3.0,0.0,1.0,1.0,3.0,2.0,0.0,1.0,3.0,0.0,1.0,7.0,3.0,4.0,0.0,7.0,4.0,0.0,4.0,3.0,0.0,3.0,1.0,6.0,3.0,3.0,1.0,0.0,1.0,0.0,1.0,0.0,0.0,0.0,0.0,1.0,0.0,1.0,0.0,1.0,0.0,0.0,0.0,0.0,0.0,1.0,0.0,1.0,0.0,1.0,11.0,0.0,0.0,0.0,0.0,1.0,7.0,4.0,2.0,0.0,1.0,0.0,0.0,0.0,10.0,6.0,1.0,1.0,7.0,True,12.0,7.0,6.0,3.0,10.725847266419985,1.0725847266419985e-05,411.9052192120653,1118792.7351500778,1.7142857142857142,332.09698486328125,344.14727783203125,344.406494140625,349.72900390625,3.647967576980591,14,0.8823439478874207,4.194685459136963,3.3276453018188477,12.635167121887207,3.0804686546325684,14,1.540102481842041,7.362765312194824,5.8145246505737305,22.417102813720703,5.45767068862915,14,17.63201904296875,debole (3–8°)
23,4,22,22205,251,222050000251,1,1,2220510018,0,0,0,0,0,0,22205009,0,0,654,296,329,55,4.0,Trentino-Alto Adige/Südtirol,22.0,Trento,205.0,Trento,22205.0,22205009.0,0.0,0.0,582.0,292.0,290.0,13.0,18.0,24.0,23.0,23.0,24.0,30.0,21.0,29.0,37.0,29.0,51.0,45.0,61.0,59.0,95.0,7.0,12.0,11.0,16.0,15.0,14.0,15.0,10.0,13.0,20.0,13.0,29.0,21.0,23.0,32.0,41.0,6.0,6.0,13.0,7.0,8.0,10.0,15.0,11.0,16.0,17.0,16.0,22.0,24.0,38.0,27.0,54.0,555.0,276.0,279.0,7.0,48.0,109.0,224.0,167.0,5.0,16.0,60.0,114.0,81.0,2.0,32.0,49.0,110.0,86.0,238.0,130.0,108.0,53.0,299.0,214.0,28.0,162.0,96.0,25.0,137.0,118.0,230.0,128.0,102.0,16.0,6.0,10.0,2.0,11.0,3.0,2.0,1.0,1.0,14.0,5.0,9.0,2.0,13.0,1.0,2.0,4.0,0.0,0.0,9.0,1.0,8.0,2.0,6.0,550.0,8.0,1.0,7.0,1.0,15.0,272.0,92.0,97.0,48.0,26.0,6.0,3.0,0.0,374.0,272.0,27.0,0.0,299.0,True,582.0,272.0,329.0,55.0,5.055034440087663,5.055034440087663e-06,73.77810955086991,115132746.74937865,2.139705882352941,349.78900146484375,353.552978515625,353.552978515625,357.3169860839844,3.7639923095703125,2,3.1638855934143066,7.851540565490723,7.851540565490723,12.53919506072998,4.687654495239258,2,5.527641773223877,13.884444236755371,13.884444236755371,22.241247177124023,8.356802940368652,2,7.527984619140625,debole (3–8°)
24,4,22,22205,255,222050000255,1,1,2220510018,0,0,0,0,0,0,22205009,0,0,443,195,216,87,4.0,Trentino-Alto Adige/Südtirol,22.0,Trento,205.0,Trento,22205.0,22205009.0,0.0,0.0,628.0,311.0,317.0,14.0,17.0,27.0,36.0,33.0,25.0,31.0,29.0,33.0,39.0,52.0,48.0,52.0,47.0,46.0,99.0,8.0,11.0,10.0,18.0,22.0,10.0,14.0,15.0,16.0,21.0,26.0,24.0,27.0,20.0,27.0,42.0,6.0,6.0,17.0,18.0,11.0,15.0,17.0,14.0,17.0,18.0,26.0,24.0,25.0,27.0,19.0,57.0,599.0,293.0,306.0,10.0,47.0,141.0,250.0,151.0,5.0,20.0,67.0,125.0,76.0,5.0,27.0,74.0,125.0,75.0,266.0,143.0,123.0,56.0,366.0,188.0,27.0,187.0,88.0,29.0,179.0,100.0,259.0,139.0,120.0,18.0,9.0,9.0,2.0,8.0,8.0,3.0,1.0,2.0,15.0,8.0,7.0,2.0,12.0,4.0,2.0,6.0,1.0,0.0,6.0,3.0,7.0,4.0,3.0,593.0,7.0,2.0,8.0,0.0,18.0,281.0,100.0,89.0,46.0,31.0,11.0,4.0,4.0,405.0,279.0,75.0,0.0,354.0,True,628.0,281.0,216.0,87.0,17.431276836926003,1.7431276836926002e-05,925.5994717396136,36027194.4433617,2.2348754448398576,411.72698974609375,480.55535888671875,463.4840087890625,587.0079956054688,45.09159469604492,13,7.19830322265625,21.347408294677734,23.455947875976562,32.82463073730469,7.536569595336914,13,12.629929542541504,39.84618377685547,43.38984680175781,64.50646209716797,15.220438957214355,13,175.281005859375,elevata (15–25°)
25,4,22,22205,419,222050000419,22,4,2220540001,0,0,0,0,0,0,22205007,0,0,15,4,6,4,4.0,Trentino-Alto Adige/Südtirol,22.0,Trento,205.0,Trento,22205.0,22205007.0,0.0,0.0,31.0,15.0,16.0,2.0,1.0,3.0,5.0,0.0,1.0,3.0,1.0,1.0,1.0,4.0,1.0,3.0,0.0,1.0,4.0,0.0,0.0,1.0,2.0,0.0,0.0,3.0,0.0,0.0,1.0,1.0,1.0,3.0,0.0,0.0,3.0,2.0,1.0,2.0,3.0,0.0,1.0,0.0,1.0,1.0,0.0,3.0,0.0,0.0,0.0,1.0,1.0,29.0,15.0,14.0,1.0,5.0,12.0,8.0,3.0,0.0,2.0,8.0,4.0,1.0,1.0,3.0,4.0,4.0,2.0,10.0,5.0,5.0,6.0,19.0,5.0,1.0,11.0,3.0,5.0,8.0,2.0,9.0,5.0,4.0,1.0,0.0,1.0,0.0,1.0,0.0,1.0,0.0,1.0,0.0,0.0,0.0,0.0,1.0,0.0,0.0,0.0,0.0,0.0,1.0,0.0,1.0,0.0,1.0,30.0,0.0,0.0,0.0,0.0,1.0,10.0,0.0,4.0,3.0,1.0,2.0,0.0,0.0,17.0,10.0,5.0,0.0,15.0,True,31.0,10.0,6.0,4.0,905461.7298950546,0.9054617298950546,5335.070590409847,34.236676136044956,3.1,652.9420166015625,790.0202026367188,778.6259765625,998.7069702148438,76.93121337890625,905431,0.0,25.910430908203125,25.48752212524414,81.21597290039062,12.96353816986084,905431,0.0,53.51658630371094,47.67082214355469,647.15380859375,41.30034637451172,905431,345.76495361328125,molto elevata (25–35°)
26,4,22,22205,420,222050000420,22,4,2220540001,0,0,0,0,0,0,22205007,0,0,0,0,1,1,4.0,Trentino-Alto Adige/Südtirol,22.0,Trento,205.0,Trento,22205.0,22205007.0,0.0,0.0,10.0,6.0,4.0,0.0,2.0,0.0,1.0,1.0,0.0,0.0,0.0,0.0,3.0,1.0,0.0,1.0,1.0,0.0,0.0,0.0,2.0,0.0,0.0,1.0,0.0,0.0,0.0,0.0,1.0,1.0,0.0,0.0,1.0,0.0,0.0,0.0,0.0,0.0,1.0,0.0,0.0,0.0,0.0,0.0,2.0,0.0,0.0,1.0,0.0,0.0,0.0,8.0,4.0,4.0,0.0,0.0,2.0,5.0,1.0,0.0,0.0,0.0,3.0,1.0,0.0,0.0,2.0,2.0,0.0,4.0,2.0,2.0,2.0,7.0,1.0,2.0,3.0,1.0,0.0,4.0,0.0,4.0,2.0,2.0,0.0,0.0,0.0,0.0,0.0,0.0,0.0,0.0,0.0,0.0,0.0,0.0,0.0,0.0,0.0,0.0,0.0,0.0,0.0,0.0,0.0,0.0,0.0,0.0,10.0,0.0,0.0,0.0,0.0,0.0,3.0,0.0,1.0,0.0,2.0,0.0,0.0,0.0,2.0,3.0,1.0,0.0,4.0,True,10.0,3.0,1.0,1.0,496037.44672475004,0.49603744672475003,3074.396132318129,20.159768311905243,3.3333333333333335,529.1840209960938,748.7744750976562,739.60302734375,998.7069702148438,111.5663833618164,496036,0.0,31.903942108154297,31.111690521240234,83.52277374267578,13.77401065826416,496036,0.0,69.85816955566406,60.351688385009766,880.8015747070312,48.386619567871094,496036,469.52294921875,molto elevata (25–35°)
27,4,22,22205,421,222050000421,65,4,2220540001,0,0,0,0,0,0,22205007,0,0,55,22,24,14,4.0,Trentino-Alto Adige/Südtirol,22.0,Trento,205.0,Trento,22205.0,22205007.0,0.0,0.0,84.0,47.0,37.0,2.0,3.0,9.0,8.0,4.0,5.0,2.0,3.0,4.0,5.0,11.0,4.0,7.0,6.0,4.0,7.0,2.0,3.0,5.0,6.0,2.0,3.0,0.0,3.0,2.0,2.0,6.0,1.0,4.0,2.0,3.0,3.0,0.0,0.0,4.0,2.0,2.0,2.0,2.0,0.0,2.0,3.0,5.0,3.0,3.0,4.0,1.0,4.0,79.0,42.0,37.0,0.0,12.0,12.0,23.0,32.0,0.0,6.0,10.0,12.0,14.0,0.0,6.0,2.0,11.0,18.0,39.0,20.0,19.0,14.0,53.0,16.0,10.0,29.0,7.0,4.0,24.0,9.0,39.0,20.0,19.0,1.0,1.0,0.0,0.0,0.0,1.0,1.0,1.0,0.0,0.0,0.0,0.0,0.0,0.0,1.0,0.0,0.0,1.0,0.0,0.0,0.0,0.0,0.0,0.0,81.0,1.0,0.0,1.0,0.0,1.0,30.0,5.0,11.0,3.0,7.0,4.0,0.0,0.0,50.0,30.0,15.0,0.0,45.0,True,84.0,30.0,24.0,14.0,1083673.9351184187,1.0836739351184186,8854.954649621744,77.51409098053179,2.8,322.0929870605469,477.4534912109375,483.12200927734375,622.3200073242188,54.9674186706543,1083669,0.0,18.510028839111328,11.801135063171387,87.98597717285156,16.800914764404297,1083669,0.0,43.45892333984375,20.893156051635742,2843.672607421875,73.13185119628906,1083669,300.2270202636719,moderata (8–15°)
28,4,22,22205,422,222050000422,22,4,2220540001,0,0,0,0,0,0,22205006,0,0,54,20,24,9,4.0,Trentino-Alto Adige/Südtirol,22.0,Trento,205.0,Trento,22205.0,22205006.0,0.0,0.0,55.0,27.0,28.0,4.0,2.0,3.0,6.0,0.0,2.0,3.0,3.0,3.0,2.0,8.0,5.0,6.0,2.0,3.0,3.0,3.0,0.0,1.0,2.0,0.0,1.0,1.0,1.0,1.0,2.0,5.0,2.0,4.0,2.0,2.0,0.0,1.0,2.0,2.0,4.0,0.0,1.0,2.0,2.0,2.0,0.0,3.0,3.0,2.0,0.0,1.0,3.0,49.0,24.0,25.0,1.0,4.0,15.0,17.0,12.0,0.0,2.0,8.0,8.0,6.0,1.0,2.0,7.0,9.0,6.0,25.0,15.0,10.0,9.0,37.0,8.0,4.0,19.0,4.0,5.0,18.0,4.0,25.0,15.0,10.0,1.0,0.0,1.0,0.0,1.0,0.0,0.0,0.0,0.0,1.0,0.0,1.0,0.0,1.0,0.0,0.0,0.0,0.0,0.0,1.0,0.0,0.0,0.0,0.0,51.0,0.0,0.0,3.0,0.0,1.0,21.0,5.0,6.0,3.0,6.0,1.0,0.0,0.0,32.0,21.0,5.0,0.0,26.0,True,55.0,21.0,24.0,9.0,5.232234409505648,5.2322344095056484e-06,2042.3225394822384,10511761.457032371,2.619047619047619,324.4590148925781,325.5249938964844,325.7590026855469,325.8689880371094,0.5346547961235046,5,2.3717424869537354,4.355401515960693,3.522231101989746,7.024872779846191,1.646451473236084,5,4.1418375968933105,7.62301778793335,6.155209064483643,12.322524070739746,2.894915819168091,5,1.40997314453125,debole (3–8°)
29,4,22,22205,431,222050000431,1,1,2220510018,0,0,0,0,0,0,22205006,0,0,706,348,435,94,4.0,Trentino-Alto Adige/Südtirol,22.0,Trento,205.0,Trento,22205.0,22205006.0,0.0,0.0,703.0,337.0,366.0,27.0,28.0,27.0,32.0,30.0,56.0,56.0,46.0,46.0,48.0,49.0,59.0,49.0,39.0,26.0,85.0,13.0,14.0,13.0,16.0,20.0,27.0,32.0,18.0,24.0,22.0,23.0,30.0,28.0,15.0,12.0,30.0,14.0,14.0,14.0,16.0,10.0,29.0,24.0,28.0,22.0,26.0,26.0,29.0,21.0,24.0,14.0,55.0,656.0,315.0,341.0,19.0,45.0,117.0,271.0,204.0,10.0,18.0,55.0,133.0,99.0,9.0,27.0,62.0,138.0,105.0,356.0,181.0,175.0,78.0,429.0,145.0,38.0,220.0,56.0,40.0,209.0,89.0,331.0,169.0,162.0,51.0,23.0,28.0,13.0,25.0,13.0,13.0,3.0,10.0,38.0,20.0,18.0,4.0,42.0,5.0,2.0,20.0,1.0,2.0,22.0,4.0,25.0,12.0,13.0,591.0,17.0,12.0,32.0,5.0,46.0,354.0,163.0,100.0,38.0,47.0,1.0,5.0,10.0,384.0,347.0,88.0,1.0,435.0,True,703.0,354.0,435.0,94.0,0.005336370641881082,5.336370641881082e-09,130.75175812730603,131737476119.57309,1.9858757062146892,,,,,,0,,,,,,0,,,,,,0,,dato non disponibile
30,4,22,22205,486,222050000486,65,4,2220540001,0,0,0,0,0,0,22205006,0,0,46,18,28,12,4.0,Trentino-Alto Adige/Südtirol,22.0,Trento,205.0,Trento,22205.0,22205006.0,0.0,0.0,49.0,27.0,22.0,2.0,2.0,4.0,2.0,3.0,3.0,0.0,4.0,1.0,7.0,6.0,5.0,1.0,1.0,1.0,7.0,2.0,0.0,2.0,1.0,1.0,3.0,0.0,2.0,0.0,4.0,4.0,3.0,1.0,0.0,0.0,4.0,0.0,2.0,2.0,1.0,2.0,0.0,0.0,2.0,1.0,3.0,2.0,2.0,0.0,1.0,1.0,3.0,45.0,25.0,20.0,3.0,3.0,11.0,19.0,9.0,1.0,2.0,6.0,11.0,5.0,2.0,1.0,5.0,8.0,4.0,23.0,14.0,9.0,8.0,29.0,9.0,4.0,18.0,4.0,4.0,11.0,5.0,21.0,13.0,8.0,3.0,1.0,2.0,0.0,2.0,1.0,1.0,0.0,1.0,2.0,1.0,1.0,0.0,3.0,0.0,0.0,1.0,0.0,0.0,2.0,0.0,2.0,1.0,1.0,43.0,0.0,0.0,3.0,0.0,3.0,16.0,1.0,5.0,4.0,4.0,2.0,0.0,0.0,22.0,16.0,13.0,0.0,29.0,True,49.0,16.0,28.0,12.0,1.7545974333715633,1.7545974333715633e-06,1116.3175760864615,27926633.806732286,3.0625,319.3080139160156,319.3080139160156,319.3080139160156,319.3080139160156,0.0,1,3.276008129119873,3.276008129119873,3.276008129119873,3.276008129119873,0.0,1,5.723951816558838,5.723951816558838,5.723951816558838,5.723951816558838,0.0,1,0.0,debole (3–8°)
31,4,22,22205,488,222050000488,22,4,2220540001,0,0,0,0,0,0,22205006,0,0,7,2,3,2,,,,,,,,,,,,,,,,,,,,,,,,,,,,,,,,,,,,,,,,,,,,,,,,,,,,,,,,,,,,,,,,,,,,,,,,,,,,,,,,,,,,,,,,,,,,,,,,,,,,,,,,,,,,,,,,,,,,,,,,,,,,,,,,,,,,,,,,,,False,7.0,2.0,3.0,2.0,2.7602422270429474,2.7602422270429474e-06,1841.5600648928519,2536009.3152038734,3.5,240.10000610351562,254.4029998779297,250.43800354003906,266.239013671875,10.135014533996582,5,10.497658729553223,17.009056091308594,17.425628662109375,22.214073181152344,4.7357378005981445,5,18.52967643737793,30.816585540771484,31.387231826782227,40.83789825439453,9.041943550109863,5,26.139007568359375,elevata (15–25°)
32,4,22,22205,489,222050000489,65,4,2220540001,0,0,0,0,0,0,22205007,0,0,79,33,34,13,4.0,Trentino-Alto Adige/Südtirol,22.0,Trento,205.0,Trento,22205.0,22205007.0,0.0,0.0,74.0,33.0,41.0,5.0,2.0,6.0,8.0,3.0,1.0,4.0,9.0,6.0,4.0,6.0,6.0,5.0,2.0,3.0,4.0,0.0,0.0,3.0,3.0,1.0,0.0,2.0,7.0,3.0,2.0,3.0,1.0,3.0,2.0,2.0,1.0,5.0,2.0,3.0,5.0,2.0,1.0,2.0,2.0,3.0,2.0,3.0,5.0,2.0,0.0,1.0,3.0,69.0,33.0,36.0,2.0,4.0,10.0,20.0,33.0,0.0,2.0,4.0,9.0,18.0,2.0,2.0,6.0,11.0,15.0,37.0,18.0,19.0,13.0,51.0,9.0,3.0,25.0,5.0,10.0,26.0,4.0,36.0,18.0,18.0,1.0,0.0,1.0,1.0,0.0,0.0,0.0,0.0,0.0,1.0,0.0,1.0,0.0,1.0,0.0,0.0,0.0,0.0,0.0,1.0,0.0,1.0,0.0,1.0,73.0,0.0,0.0,0.0,0.0,1.0,29.0,9.0,6.0,5.0,7.0,2.0,0.0,2.0,45.0,28.0,9.0,0.0,37.0,True,74.0,29.0,34.0,13.0,139884.97307532342,0.1398849730753234,1630.6163393384581,529.0060710105971,2.5517241379310347,318.3210144042969,342.46575927734375,339.427001953125,372.87298583984375,11.78705883026123,139938,0.0,8.551375389099121,5.419116497039795,71.06713104248047,9.559320449829102,139938,0.0,16.161724090576172,9.48644733428955,291.5303039550781,21.500699996948242,139938,54.551971435546875,debole (3–8°)
33,4,22,22205,490,222050000490,18,1,2220510011,0,0,0,0,0,0,22205007,0,0,2,1,2,2,4.0,Trentino-Alto Adige/Südtirol,22.0,Trento,205.0,Trento,22205.0,22205007.0,0.0,0.0,2.0,1.0,1.0,0.0,0.0,0.0,0.0,0.0,0.0,0.0,0.0,1.0,0.0,0.0,0.0,0.0,0.0,1.0,0.0,0.0,0.0,0.0,0.0,0.0,0.0,0.0,0.0,1.0,0.0,0.0,0.0,0.0,0.0,0.0,0.0,0.0,0.0,0.0,0.0,0.0,0.0,0.0,0.0,0.0,0.0,0.0,0.0,0.0,0.0,1.0,0.0,2.0,1.0,1.0,0.0,0.0,2.0,0.0,0.0,0.0,0.0,1.0,0.0,0.0,0.0,0.0,1.0,0.0,0.0,1.0,1.0,0.0,0.0,0.0,0.0,0.0,0.0,0.0,0.0,0.0,0.0,0.0,0.0,0.0,2.0,1.0,1.0,0.0,1.0,1.0,0.0,0.0,0.0,2.0,1.0,1.0,0.0,1.0,1.0,0.0,1.0,0.0,0.0,0.0,1.0,1.0,1.0,0.0,0.0,0.0,0.0,0.0,0.0,2.0,1.0,0.0,1.0,0.0,0.0,0.0,0.0,0.0,0.0,1.0,0.0,0.0,1.0,True,2.0,1.0,2.0,2.0,34813.28644371122,0.03481328644371122,771.6280068099672,57.44933053745881,2.0,377.0090026855469,385.7932434082031,384.1600036621094,400.25799560546875,5.426979064941406,34817,0.0,11.639225006103516,6.681686878204346,80.72483825683594,13.45373249053955,34817,0.0,24.12087059020996,11.714898109436035,612.3281860351562,37.64297103881836,34817,23.248992919921875,debole (3–8°)
34,4,22,22205,491,222050000491,1,1,2220510011,0,0,0,0,0,0,22205007,0,0,278,125,138,36,4.0,Trentino-Alto Adige/Südtirol,22.0,Trento,205.0,Trento,22205.0,22205007.0,0.0,0.0,255.0,130.0,125.0,9.0,14.0,10.0,5.0,15.0,19.0,17.0,12.0,15.0,17.0,14.0,13.0,26.0,18.0,20.0,31.0,4.0,4.0,5.0,2.0,11.0,17.0,8.0,7.0,7.0,10.0,5.0,4.0,13.0,11.0,6.0,16.0,5.0,10.0,5.0,3.0,4.0,2.0,9.0,5.0,8.0,7.0,9.0,9.0,13.0,7.0,14.0,15.0,234.0,122.0,112.0,7.0,17.0,29.0,91.0,90.0,2.0,7.0,15.0,50.0,48.0,5.0,10.0,14.0,41.0,42.0,111.0,60.0,51.0,32.0,146.0,69.0,13.0,80.0,33.0,19.0,66.0,36.0,107.0,56.0,51.0,8.0,4.0,4.0,3.0,2.0,3.0,1.0,0.0,1.0,7.0,4.0,3.0,1.0,7.0,0.0,0.0,4.0,0.0,1.0,3.0,0.0,4.0,4.0,0.0,236.0,3.0,1.0,7.0,0.0,8.0,117.0,43.0,38.0,14.0,17.0,4.0,1.0,4.0,148.0,114.0,16.0,0.0,130.0,True,255.0,117.0,138.0,36.0,37754.49104467318,0.03775449104467318,1059.7848003468364,6754.163357632607,2.1794871794871793,382.32000732421875,396.0154113769531,396.62701416015625,404.1549987792969,3.7571847438812256,37765,0.0,8.84939193725586,4.850507736206055,70.81824493408203,10.904964447021484,37765,0.0,17.108089447021484,8.486015319824219,287.4555969238281,24.950746536254883,37765,21.834991455078125,debole (3–8°)
35,4,22,22205,492,222050000492,1,1,2220510011,0,0,0,0,0,0,22205007,0,0,226,94,108,29,4.0,Trentino-Alto Adige/Südtirol,22.0,Trento,205.0,Trento,22205.0,22205007.0,0.0,0.0,202.0,94.0,108.0,5.0,8.0,19.0,14.0,9.0,18.0,10.0,12.0,13.0,16.0,21.0,14.0,15.0,10.0,7.0,11.0,2.0,6.0,7.0,5.0,5.0,8.0,4.0,7.0,6.0,7.0,11.0,8.0,6.0,5.0,3.0,4.0,3.0,2.0,12.0,9.0,4.0,10.0,6.0,5.0,7.0,9.0,10.0,6.0,9.0,5.0,4.0,7.0,189.0,86.0,103.0,7.0,19.0,42.0,57.0,64.0,3.0,9.0,16.0,30.0,28.0,4.0,10.0,26.0,27.0,36.0,101.0,47.0,54.0,31.0,135.0,28.0,14.0,65.0,12.0,17.0,70.0,16.0,97.0,45.0,52.0,8.0,3.0,5.0,3.0,3.0,2.0,2.0,1.0,1.0,6.0,2.0,4.0,1.0,7.0,0.0,1.0,2.0,0.0,0.0,5.0,0.0,4.0,2.0,2.0,189.0,2.0,0.0,3.0,1.0,7.0,88.0,31.0,23.0,16.0,13.0,5.0,0.0,2.0,119.0,87.0,13.0,0.0,100.0,True,202.0,88.0,108.0,29.0,38988.721979806745,0.03898872197980675,1132.4605067096215,5180.985416875705,2.2954545454545454,362.9960021972656,383.9396057128906,382.64300537109375,410.6319885253906,9.587015151977539,38984,0.0,18.777542114257812,13.895469665527344,77.5237045288086,17.2889461517334,38984,0.0,41.05400466918945,24.739107131958008,451.9557189941406,49.54302978515625,38984,47.635986328125,moderata (8–15°)
36,4,22,22205,493,222050000493,1,1,2220510011,0,0,0,0,0,0,22205007,0,0,466,183,195,73,4.0,Trentino-Alto Adige/Südtirol,22.0,Trento,205.0,Trento,22205.0,22205007.0,0.0,0.0,443.0,210.0,233.0,12.0,18.0,33.0,28.0,27.0,21.0,28.0,19.0,15.0,23.0,27.0,34.0,39.0,36.0,19.0,64.0,8.0,10.0,18.0,12.0,11.0,10.0,18.0,12.0,9.0,11.0,11.0,13.0,16.0,19.0,8.0,24.0,4.0,8.0,15.0,16.0,16.0,11.0,10.0,7.0,6.0,12.0,16.0,21.0,23.0,17.0,11.0,40.0,419.0,195.0,224.0,13.0,46.0,118.0,144.0,98.0,4.0,21.0,51.0,68.0,51.0,9.0,25.0,67.0,76.0,47.0,164.0,85.0,79.0,57.0,234.0,118.0,32.0,108.0,51.0,25.0,126.0,67.0,150.0,76.0,74.0,34.0,19.0,15.0,13.0,18.0,3.0,6.0,3.0,3.0,28.0,16.0,12.0,6.0,27.0,1.0,4.0,15.0,0.0,2.0,12.0,1.0,14.0,9.0,5.0,374.0,5.0,7.0,23.0,5.0,29.0,183.0,60.0,47.0,36.0,27.0,8.0,5.0,2.0,238.0,182.0,29.0,0.0,211.0,True,443.0,183.0,195.0,73.0,98404.94858222715,0.09840494858222715,1701.3799283141373,4501.806122380414,2.420765027322404,396.74798583984375,427.1469421386719,421.135009765625,486.26300048828125,22.823633193969727,98391,0.0,17.971935272216797,12.571066856384277,84.45228576660156,15.865743637084961,98391,0.0,38.03116989135742,22.299633026123047,1029.55224609375,45.86785888671875,98391,89.5150146484375,moderata (8–15°)
37,4,22,22205,494,222050000494,1,1,2220510011,0,0,0,0,0,0,22205007,0,0,272,116,132,60,4.0,Trentino-Alto Adige/Südtirol,22.0,Trento,205.0,Trento,22205.0,22205007.0,0.0,0.0,278.0,132.0,146.0,7.0,13.0,11.0,15.0,19.0,16.0,20.0,19.0,11.0,16.0,18.0,19.0,22.0,16.0,14.0,42.0,0.0,7.0,3.0,10.0,8.0,8.0,8.0,11.0,5.0,9.0,9.0,8.0,12.0,8.0,8.0,18.0,7.0,6.0,8.0,5.0,11.0,8.0,12.0,8.0,6.0,7.0,9.0,11.0,10.0,8.0,6.0,24.0,260.0,126.0,134.0,5.0,24.0,48.0,106.0,77.0,1.0,6.0,30.0,49.0,40.0,4.0,18.0,18.0,57.0,37.0,117.0,61.0,56.0,26.0,154.0,71.0,9.0,79.0,34.0,17.0,75.0,37.0,105.0,56.0,49.0,27.0,10.0,17.0,9.0,12.0,6.0,8.0,3.0,5.0,19.0,7.0,12.0,5.0,21.0,1.0,1.0,9.0,0.0,4.0,12.0,1.0,12.0,5.0,7.0,233.0,8.0,0.0,10.0,6.0,21.0,121.0,42.0,40.0,15.0,13.0,9.0,2.0,2.0,137.0,119.0,26.0,1.0,145.0,True,278.0,121.0,132.0,60.0,83581.74067044644,0.08358174067044644,2316.04882926794,3326.0853120554557,2.2975206611570247,418.4330139160156,460.5116882324219,463.0950012207031,514.2169799804688,22.937969207763672,83584,0.0,14.869551658630371,10.238187789916992,76.68704986572266,14.066072463989258,83584,0.0,30.415443420410156,18.061656951904297,422.6031494140625,37.14744186401367,83584,95.78396606445312,moderata (8–15°)
38,4,22,22205,495,222050000495,1,1,2220510011,0,0,0,0,0,0,22205007,0,0,102,39,40,12,4.0,Trentino-Alto Adige/Südtirol,22.0,Trento,205.0,Trento,22205.0,22205007.0,0.0,0.0,97.0,56.0,41.0,1.0,1.0,4.0,7.0,10.0,4.0,9.0,4.0,3.0,3.0,12.0,8.0,10.0,4.0,7.0,10.0,0.0,1.0,4.0,6.0,8.0,2.0,5.0,2.0,2.0,0.0,6.0,5.0,4.0,1.0,5.0,5.0,1.0,0.0,0.0,1.0,2.0,2.0,4.0,2.0,1.0,3.0,6.0,3.0,6.0,3.0,2.0,5.0,96.0,56.0,40.0,2.0,5.0,14.0,37.0,38.0,2.0,4.0,8.0,24.0,18.0,0.0,1.0,6.0,13.0,20.0,44.0,25.0,19.0,6.0,67.0,21.0,5.0,38.0,11.0,1.0,29.0,10.0,42.0,23.0,19.0,3.0,2.0,1.0,0.0,3.0,0.0,0.0,0.0,0.0,3.0,2.0,1.0,0.0,3.0,0.0,0.0,2.0,0.0,0.0,1.0,0.0,2.0,2.0,0.0,92.0,2.0,0.0,0.0,0.0,3.0,38.0,7.0,13.0,8.0,10.0,0.0,0.0,2.0,62.0,37.0,3.0,0.0,40.0,True,97.0,38.0,40.0,12.0,17807.06903709409,0.01780706903709409,611.7875600182089,5447.274888300724,2.5526315789473686,406.8210144042969,418.28875732421875,418.031005859375,431.86700439453125,5.047942638397217,17802,0.0,10.36768913269043,6.17443323135376,71.92034149169922,11.734681129455566,17802,0.0,20.34139060974121,10.818329811096191,306.3186340332031,28.295461654663086,17802,25.045989990234375,debole (3–8°)
39,4,22,22205,496,222050000496,1,1,2220510011,0,0,0,0,0,0,22205007,0,0,626,251,327,93,4.0,Trentino-Alto Adige/Südtirol,22.0,Trento,205.0,Trento,22205.0,22205007.0,0.0,0.0,649.0,308.0,341.0,23.0,38.0,48.0,46.0,44.0,37.0,35.0,33.0,36.0,58.0,53.0,54.0,54.0,33.0,16.0,41.0,8.0,18.0,24.0,22.0,19.0,23.0,19.0,12.0,18.0,29.0,25.0,22.0,26.0,19.0,11.0,13.0,15.0,20.0,24.0,24.0,25.0,14.0,16.0,21.0,18.0,29.0,28.0,32.0,28.0,14.0,5.0,28.0,596.0,286.0,310.0,21.0,61.0,148.0,203.0,163.0,9.0,30.0,80.0,89.0,78.0,12.0,31.0,68.0,114.0,85.0,306.0,156.0,150.0,100.0,419.0,87.0,48.0,203.0,42.0,52.0,216.0,45.0,290.0,146.0,144.0,43.0,15.0,28.0,23.0,13.0,7.0,4.0,0.0,4.0,39.0,15.0,24.0,9.0,31.0,3.0,2.0,12.0,1.0,7.0,19.0,2.0,16.0,10.0,6.0,556.0,10.0,10.0,30.0,4.0,39.0,261.0,76.0,79.0,42.0,46.0,13.0,5.0,8.0,325.0,255.0,73.0,1.0,328.0,True,649.0,261.0,327.0,93.0,230295.50391697034,0.23029550391697035,3672.320646280533,2818.1184129152057,2.4865900383141764,426.8550109863281,498.6879577636719,498.3399963378906,569.2529907226562,28.96306037902832,230286,0.0,12.241507530212402,7.6410980224609375,79.6063461303711,12.572391510009766,230286,0.0,24.28325080871582,13.415862083435059,545.1973876953125,31.233007431030273,230286,142.39797973632812,debole (3–8°)
40,4,22,22205,497,222050000497,22,4,2220540001,0,0,0,0,0,0,22205007,0,0,68,25,27,15,4.0,Trentino-Alto Adige/Südtirol,22.0,Trento,205.0,Trento,22205.0,22205007.0,0.0,0.0,71.0,35.0,36.0,3.0,2.0,3.0,7.0,6.0,6.0,1.0,3.0,2.0,4.0,7.0,12.0,6.0,2.0,4.0,3.0,2.0,2.0,1.0,7.0,2.0,1.0,0.0,2.0,1.0,2.0,2.0,6.0,3.0,0.0,2.0,2.0,1.0,0.0,2.0,0.0,4.0,5.0,1.0,1.0,1.0,2.0,5.0,6.0,3.0,2.0,2.0,1.0,68.0,33.0,35.0,1.0,5.0,15.0,29.0,18.0,1.0,2.0,11.0,14.0,5.0,0.0,3.0,4.0,15.0,13.0,31.0,16.0,15.0,8.0,51.0,9.0,5.0,25.0,4.0,3.0,26.0,5.0,28.0,15.0,13.0,3.0,1.0,2.0,0.0,1.0,2.0,0.0,0.0,0.0,3.0,1.0,2.0,0.0,3.0,0.0,0.0,1.0,0.0,0.0,2.0,0.0,3.0,1.0,2.0,66.0,1.0,0.0,1.0,0.0,3.0,26.0,5.0,8.0,3.0,9.0,1.0,0.0,0.0,37.0,26.0,11.0,0.0,37.0,True,71.0,26.0,27.0,15.0,1744720.7491726775,1.7447207491726775,8759.39250772308,40.69419133902501,2.730769230769231,429.9739990234375,676.040771484375,646.7940063476562,1007.3090209960938,141.33877563476562,1744693,0.0,22.29389762878418,20.779644012451172,85.16708374023438,12.359641075134277,1744693,0.0,43.93674850463867,37.9457893371582,1182.7191162109375,29.9332218170166,1744693,577.3350219726562,elevata (15–25°)
41,4,22,22205,498,222050000498,1,1,2220510011,0,0,0,0,0,0,22205007,0,0,395,169,198,60,4.0,Trentino-Alto Adige/Südtirol,22.0,Trento,205.0,Trento,22205.0,22205007.0,0.0,0.0,383.0,184.0,199.0,4.0,8.0,13.0,41.0,38.0,24.0,7.0,7.0,22.0,22.0,48.0,48.0,28.0,8.0,20.0,45.0,2.0,4.0,9.0,25.0,16.0,12.0,3.0,2.0,12.0,9.0,25.0,22.0,14.0,5.0,10.0,14.0,2.0,4.0,4.0,16.0,22.0,12.0,4.0,5.0,10.0,13.0,23.0,26.0,14.0,3.0,10.0,31.0,372.0,179.0,193.0,3.0,23.0,101.0,154.0,91.0,3.0,9.0,53.0,70.0,44.0,0.0,14.0,48.0,84.0,47.0,192.0,97.0,95.0,25.0,277.0,72.0,15.0,135.0,28.0,10.0,142.0,44.0,186.0,93.0,93.0,9.0,6.0,3.0,3.0,2.0,4.0,6.0,4.0,2.0,3.0,2.0,1.0,0.0,8.0,1.0,0.0,5.0,1.0,0.0,3.0,0.0,6.0,4.0,2.0,359.0,2.0,2.0,11.0,0.0,9.0,171.0,70.0,37.0,26.0,30.0,7.0,1.0,4.0,211.0,169.0,44.0,0.0,213.0,True,383.0,171.0,198.0,60.0,74678.13387110132,0.07467813387110132,1870.8144992619477,5128.676630579436,2.239766081871345,450.8219909667969,479.1627197265625,481.8710021972656,498.5480041503906,9.667057991027832,74681,0.0,8.498619079589844,5.213103294372559,76.30960845947266,9.703317642211914,74681,0.0,16.154258728027344,9.123772621154785,410.515625,22.520326614379883,74681,47.72601318359375,debole (3–8°)
42,4,22,22205,499,222050000499,1,1,2220510011,0,0,0,0,0,0,22205007,0,0,85,36,37,16,4.0,Trentino-Alto Adige/Südtirol,22.0,Trento,205.0,Trento,22205.0,22205007.0,0.0,0.0,86.0,41.0,45.0,4.0,4.0,3.0,3.0,7.0,3.0,3.0,4.0,5.0,8.0,4.0,8.0,7.0,9.0,6.0,8.0,2.0,1.0,1.0,1.0,3.0,2.0,2.0,1.0,3.0,5.0,0.0,6.0,2.0,7.0,1.0,4.0,2.0,3.0,2.0,2.0,4.0,1.0,1.0,3.0,2.0,3.0,4.0,2.0,5.0,2.0,5.0,4.0,78.0,38.0,40.0,1.0,7.0,23.0,31.0,16.0,0.0,3.0,10.0,19.0,6.0,1.0,4.0,13.0,12.0,10.0,37.0,19.0,18.0,11.0,50.0,23.0,4.0,23.0,12.0,7.0,27.0,11.0,35.0,17.0,18.0,2.0,2.0,0.0,1.0,1.0,0.0,0.0,0.0,0.0,2.0,2.0,0.0,0.0,2.0,0.0,0.0,2.0,0.0,0.0,0.0,0.0,2.0,2.0,0.0,81.0,1.0,1.0,1.0,0.0,2.0,36.0,10.0,12.0,6.0,6.0,2.0,0.0,0.0,47.0,36.0,2.0,0.0,38.0,True,86.0,36.0,37.0,16.0,39697.38613258314,0.03969738613258314,1538.6856579387595,2166.389487528808,2.388888888888889,483.22100830078125,531.2845458984375,535.0250244140625,561.4229736328125,18.211820602416992,39718,0.0,13.755546569824219,10.510904312133789,68.98827362060547,11.287053108215332,39718,0.0,26.30086326599121,18.553590774536133,260.3496398925781,25.49110984802246,39718,78.20196533203125,moderata (8–15°)
43,4,22,22205,500,222050000500,1,2,2220526609,0,0,0,0,0,0,22205007,0,0,27,14,17,8,4.0,Trentino-Alto Adige/Südtirol,22.0,Trento,205.0,Trento,22205.0,22205007.0,0.0,0.0,25.0,14.0,11.0,0.0,1.0,1.0,0.0,1.0,2.0,2.0,2.0,0.0,1.0,2.0,2.0,2.0,1.0,3.0,5.0,0.0,1.0,1.0,0.0,0.0,1.0,1.0,2.0,0.0,0.0,1.0,1.0,1.0,1.0,1.0,3.0,0.0,0.0,0.0,0.0,1.0,1.0,1.0,0.0,0.0,1.0,1.0,1.0,1.0,0.0,2.0,2.0,24.0,13.0,11.0,1.0,6.0,5.0,10.0,2.0,1.0,4.0,2.0,5.0,1.0,0.0,2.0,3.0,5.0,1.0,10.0,6.0,4.0,2.0,14.0,9.0,2.0,7.0,5.0,0.0,7.0,4.0,10.0,6.0,4.0,0.0,0.0,0.0,0.0,0.0,0.0,0.0,0.0,0.0,0.0,0.0,0.0,0.0,0.0,0.0,0.0,0.0,0.0,0.0,0.0,0.0,0.0,0.0,0.0,25.0,0.0,0.0,0.0,0.0,0.0,14.0,9.0,1.0,2.0,2.0,0.0,0.0,3.0,13.0,12.0,8.0,0.0,20.0,True,25.0,14.0,17.0,8.0,15870.276789404845,0.015870276789404846,761.9004189286712,1575.2718324793332,1.7857142857142858,654.7130126953125,662.51953125,662.60302734375,671.9290161132812,3.4766385555267334,15869,0.0,8.381279945373535,6.174673080444336,63.12532043457031,7.665480613708496,15869,0.0,15.281982421875,10.818753242492676,197.32684326171875,15.6852445602417,15869,17.21600341796875,debole (3–8°)
44,4,22,22205,501,222050000501,26,4,2220540001,0,0,0,0,0,0,22205007,0,0,49,20,27,12,4.0,Trentino-Alto Adige/Südtirol,22.0,Trento,205.0,Trento,22205.0,22205007.0,0.0,0.0,61.0,32.0,29.0,0.0,0.0,2.0,5.0,3.0,3.0,2.0,0.0,2.0,3.0,8.0,5.0,7.0,3.0,3.0,15.0,0.0,0.0,0.0,3.0,2.0,2.0,2.0,0.0,1.0,1.0,5.0,3.0,4.0,1.0,1.0,7.0,0.0,0.0,2.0,2.0,1.0,1.0,0.0,0.0,1.0,2.0,3.0,2.0,3.0,2.0,2.0,8.0,61.0,32.0,29.0,0.0,7.0,18.0,21.0,15.0,0.0,2.0,9.0,12.0,9.0,0.0,5.0,9.0,9.0,6.0,25.0,15.0,10.0,2.0,38.0,21.0,0.0,23.0,9.0,2.0,15.0,12.0,25.0,15.0,10.0,0.0,0.0,0.0,0.0,0.0,0.0,0.0,0.0,0.0,0.0,0.0,0.0,0.0,0.0,0.0,0.0,0.0,0.0,0.0,0.0,0.0,0.0,0.0,0.0,60.0,0.0,0.0,1.0,0.0,0.0,28.0,10.0,8.0,5.0,5.0,0.0,0.0,0.0,39.0,28.0,19.0,0.0,47.0,True,61.0,28.0,27.0,12.0,455552.6265178563,0.45555262651785633,4136.517183083937,133.90329996837144,2.1785714285714284,541.3779907226562,630.4973754882812,641.2739868164062,728.0850219726562,43.27131652832031,455532,0.0,15.568673133850098,13.186426162719727,72.43280792236328,9.854342460632324,455532,0.0,29.24721336364746,23.42979621887207,315.8673400878906,21.87820053100586,455532,186.70703125,moderata (8–15°)
45,4,22,22205,502,222050000502,1,1,2220515704,0,0,0,0,0,0,22205007,0,0,186,90,100,68,4.0,Trentino-Alto Adige/Südtirol,22.0,Trento,205.0,Trento,22205.0,22205007.0,0.0,0.0,181.0,99.0,82.0,0.0,4.0,10.0,9.0,8.0,9.0,7.0,2.0,9.0,10.0,21.0,14.0,34.0,12.0,9.0,23.0,0.0,2.0,5.0,3.0,4.0,5.0,4.0,2.0,4.0,4.0,12.0,6.0,18.0,11.0,6.0,13.0,0.0,2.0,5.0,6.0,4.0,4.0,3.0,0.0,5.0,6.0,9.0,8.0,16.0,1.0,3.0,10.0,177.0,97.0,80.0,7.0,15.0,47.0,66.0,42.0,4.0,7.0,25.0,38.0,23.0,3.0,8.0,22.0,28.0,19.0,85.0,46.0,39.0,14.0,121.0,42.0,7.0,60.0,28.0,7.0,61.0,14.0,84.0,45.0,39.0,4.0,4.0,0.0,0.0,1.0,3.0,2.0,2.0,0.0,2.0,2.0,0.0,0.0,2.0,2.0,0.0,2.0,2.0,0.0,0.0,0.0,1.0,1.0,0.0,173.0,2.0,1.0,1.0,1.0,3.0,89.0,37.0,26.0,15.0,8.0,3.0,0.0,0.0,128.0,89.0,29.0,0.0,118.0,True,181.0,89.0,100.0,68.0,198673.59164929096,0.19867359164929096,2039.111483640984,911.0420690411169,2.033707865168539,696.916015625,754.498046875,751.8410034179688,811.5369873046875,24.08978271484375,198683,0.0,20.543081283569336,19.68718719482422,74.99939727783203,13.812131881713867,198683,0.0,40.7959098815918,35.77995681762695,373.1894836425781,32.14219665527344,198683,114.6209716796875,elevata (15–25°)
46,4,22,22205,503,222050000503,1,2,2220526611,0,0,0,0,0,0,22205007,0,0,25,11,13,8,4.0,Trentino-Alto Adige/Südtirol,22.0,Trento,205.0,Trento,22205.0,22205007.0,0.0,0.0,28.0,14.0,14.0,0.0,0.0,0.0,1.0,2.0,2.0,2.0,1.0,1.0,2.0,1.0,4.0,5.0,3.0,1.0,3.0,0.0,0.0,0.0,1.0,1.0,1.0,2.0,1.0,1.0,1.0,0.0,3.0,0.0,3.0,0.0,0.0,0.0,0.0,0.0,0.0,1.0,1.0,0.0,0.0,0.0,1.0,1.0,1.0,5.0,0.0,1.0,3.0,28.0,14.0,14.0,0.0,1.0,6.0,15.0,6.0,0.0,0.0,2.0,8.0,4.0,0.0,1.0,4.0,7.0,2.0,13.0,8.0,5.0,0.0,20.0,7.0,0.0,11.0,3.0,0.0,9.0,4.0,12.0,8.0,4.0,1.0,0.0,1.0,0.0,0.0,1.0,1.0,0.0,1.0,0.0,0.0,0.0,0.0,1.0,0.0,0.0,0.0,0.0,0.0,1.0,0.0,1.0,0.0,1.0,26.0,0.0,0.0,1.0,0.0,1.0,13.0,5.0,4.0,1.0,3.0,0.0,0.0,0.0,22.0,13.0,1.0,0.0,14.0,True,28.0,13.0,13.0,8.0,31258.54728301666,0.031258547283016656,730.3706089525303,895.7549993122334,2.1538461538461537,615.89697265625,637.7593383789062,638.1595458984375,658.4039916992188,8.987700462341309,31262,0.0,14.501413345336914,10.342965126037598,67.17401885986328,11.715352058410645,31262,0.0,27.812646865844727,18.25055503845215,237.58900451660156,26.2829647064209,31262,42.50701904296875,moderata (8–15°)
47,4,22,22205,504,222050000504,1,1,2220510011,0,0,0,0,0,0,22205007,0,0,642,291,333,86,4.0,Trentino-Alto Adige/Südtirol,22.0,Trento,205.0,Trento,22205.0,22205007.0,0.0,0.0,642.0,301.0,341.0,23.0,24.0,37.0,22.0,37.0,35.0,39.0,28.0,32.0,36.0,47.0,68.0,53.0,37.0,29.0,95.0,10.0,9.0,16.0,14.0,23.0,16.0,21.0,15.0,16.0,18.0,21.0,31.0,23.0,16.0,14.0,38.0,13.0,15.0,21.0,8.0,14.0,19.0,18.0,13.0,16.0,18.0,26.0,37.0,30.0,21.0,15.0,57.0,599.0,283.0,316.0,11.0,49.0,120.0,213.0,206.0,3.0,16.0,57.0,114.0,93.0,8.0,33.0,63.0,99.0,113.0,285.0,145.0,140.0,82.0,375.0,158.0,34.0,189.0,68.0,48.0,186.0,90.0,267.0,137.0,130.0,27.0,10.0,17.0,6.0,13.0,8.0,11.0,2.0,9.0,16.0,8.0,8.0,2.0,22.0,3.0,1.0,9.0,0.0,1.0,13.0,3.0,18.0,8.0,10.0,595.0,15.0,0.0,5.0,3.0,24.0,291.0,97.0,97.0,48.0,40.0,7.0,2.0,9.0,385.0,285.0,66.0,1.0,351.0,True,642.0,291.0,333.0,86.0,111513.8110789589,0.1115138110789589,1754.9499232122719,5757.134419389748,2.2061855670103094,374.6929931640625,401.5469970703125,399.0199890136719,434.5039978027344,15.371984481811523,111516,0.0,9.02280330657959,5.62467098236084,74.00438690185547,10.331019401550293,111516,0.0,17.36345863342285,9.848560333251953,348.8421936035156,24.44629669189453,111516,59.811004638671875,debole (3–8°)
48,4,22,22205,505,222050000505,1,1,2220510011,0,0,0,0,0,0,22205007,0,0,275,114,121,29,4.0,Trentino-Alto Adige/Südtirol,22.0,Trento,205.0,Trento,22205.0,22205007.0,0.0,0.0,262.0,136.0,126.0,7.0,8.0,8.0,15.0,13.0,15.0,10.0,13.0,11.0,14.0,14.0,24.0,14.0,15.0,33.0,48.0,3.0,3.0,6.0,8.0,10.0,9.0,7.0,6.0,6.0,9.0,7.0,13.0,5.0,7.0,15.0,22.0,4.0,5.0,2.0,7.0,3.0,6.0,3.0,7.0,5.0,5.0,7.0,11.0,9.0,8.0,18.0,26.0,249.0,131.0,118.0,5.0,16.0,50.0,98.0,80.0,2.0,9.0,21.0,52.0,47.0,3.0,7.0,29.0,46.0,33.0,100.0,63.0,37.0,21.0,139.0,95.0,10.0,78.0,44.0,11.0,61.0,51.0,97.0,61.0,36.0,7.0,4.0,3.0,3.0,3.0,1.0,1.0,0.0,1.0,6.0,4.0,2.0,2.0,4.0,1.0,2.0,2.0,0.0,0.0,2.0,1.0,3.0,2.0,1.0,240.0,5.0,2.0,8.0,2.0,5.0,109.0,23.0,47.0,17.0,16.0,6.0,0.0,0.0,164.0,109.0,15.0,0.0,124.0,True,262.0,109.0,121.0,29.0,46682.062970741514,0.04668206297074151,989.4880460964968,5612.434055543161,2.403669724770642,387.5010070800781,410.13555908203125,410.3280029296875,442.03399658203125,11.806933403015137,46683,0.0,12.000131607055664,8.647260665893555,67.47508239746094,11.373777389526367,46683,0.0,23.183504104614258,15.20796012878418,241.1247100830078,26.808452606201172,46683,54.532989501953125,moderata (8–15°)
49,4,22,22205,506,222050000506,1,1,2220510011,0,0,0,0,0,0,22205007,0,0,623,261,313,50,4.0,Trentino-Alto Adige/Südtirol,22.0,Trento,205.0,Trento,22205.0,22205007.0,0.0,0.0,603.0,293.0,310.0,24.0,24.0,33.0,26.0,32.0,36.0,37.0,42.0,33.0,40.0,38.0,64.0,55.0,32.0,38.0,49.0,9.0,11.0,12.0,14.0,20.0,22.0,21.0,23.0,12.0,22.0,16.0,26.0,35.0,10.0,14.0,26.0,15.0,13.0,21.0,12.0,12.0,14.0,16.0,19.0,21.0,18.0,22.0,38.0,20.0,22.0,24.0,23.0,562.0,275.0,287.0,9.0,36.0,89.0,193.0,235.0,3.0,15.0,43.0,96.0,118.0,6.0,21.0,46.0,97.0,117.0,297.0,155.0,142.0,75.0,381.0,116.0,28.0,201.0,49.0,47.0,180.0,67.0,281.0,147.0,134.0,31.0,15.0,16.0,10.0,12.0,9.0,14.0,7.0,7.0,17.0,8.0,9.0,6.0,22.0,3.0,4.0,10.0,1.0,2.0,12.0,2.0,16.0,8.0,8.0,545.0,12.0,0.0,15.0,5.0,26.0,266.0,89.0,72.0,58.0,41.0,4.0,2.0,12.0,353.0,259.0,58.0,0.0,317.0,True,603.0,266.0,313.0,50.0,122061.13038573785,0.12206113038573785,2005.723093572595,4940.147597309628,2.2669172932330826,348.6809997558594,373.0606689453125,372.91900634765625,396.0480041503906,9.804871559143066,122069,0.0,10.393363952636719,6.895236492156982,76.73793029785156,10.984748840332031,122069,0.0,20.205211639404297,12.092894554138184,424.2842102050781,26.968482971191406,122069,47.36700439453125,debole (3–8°)
50,4,22,22205,507,222050000507,1,2,2220526714,0,0,0,0,0,0,22205007,0,0,30,12,15,10,4.0,Trentino-Alto Adige/Südtirol,22.0,Trento,205.0,Trento,22205.0,22205007.0,0.0,0.0,28.0,13.0,15.0,1.0,0.0,2.0,3.0,2.0,0.0,0.0,1.0,0.0,2.0,4.0,2.0,1.0,0.0,1.0,9.0,1.0,0.0,1.0,2.0,0.0,0.0,0.0,0.0,0.0,1.0,2.0,1.0,1.0,0.0,0.0,4.0,0.0,0.0,1.0,1.0,2.0,0.0,0.0,1.0,0.0,1.0,2.0,1.0,0.0,0.0,1.0,5.0,27.0,12.0,15.0,0.0,1.0,7.0,11.0,8.0,0.0,0.0,3.0,6.0,3.0,0.0,1.0,4.0,5.0,5.0,9.0,4.0,5.0,3.0,15.0,10.0,2.0,7.0,4.0,1.0,8.0,6.0,9.0,4.0,5.0,0.0,0.0,0.0,0.0,0.0,0.0,0.0,0.0,0.0,0.0,0.0,0.0,0.0,0.0,0.0,0.0,0.0,0.0,0.0,0.0,0.0,0.0,0.0,0.0,28.0,0.0,0.0,0.0,0.0,0.0,11.0,2.0,4.0,3.0,1.0,1.0,0.0,0.0,16.0,11.0,3.0,0.0,14.0,True,28.0,11.0,15.0,10.0,16167.449933319827,0.016167449933319828,532.359539897533,1731.874854444066,2.5454545454545454,333.1470031738281,353.6596984863281,354.4469909667969,356.66400146484375,3.420527458190918,16165,0.0,9.185343742370605,3.8376123905181885,80.77994537353516,14.078169822692871,16165,0.0,20.46452522277832,6.707931041717529,616.0521240234375,43.25824737548828,16165,23.516998291015625,debole (3–8°)
51,4,22,22205,508,222050000508,1,2,2220520012,0,0,0,0,0,0,22205007,0,0,23,9,9,7,4.0,Trentino-Alto Adige/Südtirol,22.0,Trento,205.0,Trento,22205.0,22205007.0,0.0,0.0,20.0,11.0,9.0,1.0,0.0,1.0,3.0,2.0,0.0,2.0,0.0,0.0,0.0,3.0,4.0,1.0,0.0,0.0,3.0,1.0,0.0,1.0,1.0,1.0,0.0,1.0,0.0,0.0,0.0,1.0,3.0,0.0,0.0,0.0,2.0,0.0,0.0,0.0,2.0,1.0,0.0,1.0,0.0,0.0,0.0,2.0,1.0,1.0,0.0,0.0,1.0,19.0,10.0,9.0,0.0,0.0,5.0,7.0,7.0,0.0,0.0,2.0,4.0,4.0,0.0,0.0,3.0,3.0,3.0,11.0,5.0,6.0,2.0,15.0,3.0,2.0,7.0,2.0,0.0,8.0,1.0,11.0,5.0,6.0,0.0,0.0,0.0,0.0,0.0,0.0,0.0,0.0,0.0,0.0,0.0,0.0,0.0,0.0,0.0,0.0,0.0,0.0,0.0,0.0,0.0,0.0,0.0,0.0,19.0,1.0,0.0,0.0,0.0,0.0,8.0,2.0,2.0,2.0,2.0,0.0,0.0,0.0,12.0,8.0,1.0,0.0,9.0,True,20.0,8.0,9.0,7.0,11983.470464889631,0.011983470464889632,555.3746964495804,1668.965602126529,2.5,364.96600341796875,369.7246398925781,367.59600830078125,380.3840026855469,3.7697556018829346,11984,0.0,7.3221821784973145,3.8905887603759766,67.66468048095703,9.010905265808105,11984,0.0,13.660351753234863,6.800813674926758,243.39768981933594,19.114362716674805,11984,15.417999267578125,debole (3–8°)
52,4,22,22205,509,222050000509,1,1,2220510018,0,0,0,0,0,0,22205007,0,0,18,7,8,6,4.0,Trentino-Alto Adige/Südtirol,22.0,Trento,205.0,Trento,22205.0,22205007.0,0.0,0.0,11.0,6.0,5.0,0.0,1.0,0.0,2.0,1.0,0.0,0.0,0.0,0.0,3.0,0.0,1.0,3.0,0.0,0.0,0.0,0.0,0.0,0.0,2.0,0.0,0.0,0.0,0.0,0.0,1.0,0.0,0.0,3.0,0.0,0.0,0.0,0.0,1.0,0.0,0.0,1.0,0.0,0.0,0.0,0.0,2.0,0.0,1.0,0.0,0.0,0.0,0.0,10.0,6.0,4.0,1.0,0.0,3.0,3.0,3.0,1.0,0.0,2.0,2.0,1.0,0.0,0.0,1.0,1.0,2.0,4.0,3.0,1.0,1.0,10.0,0.0,0.0,6.0,0.0,1.0,4.0,0.0,4.0,3.0,1.0,0.0,0.0,0.0,0.0,0.0,0.0,0.0,0.0,0.0,0.0,0.0,0.0,0.0,0.0,0.0,0.0,0.0,0.0,0.0,0.0,0.0,0.0,0.0,0.0,11.0,0.0,0.0,0.0,0.0,0.0,5.0,2.0,1.0,1.0,1.0,0.0,0.0,0.0,7.0,5.0,2.0,0.0,7.0,True,11.0,5.0,8.0,6.0,13604.272449893111,0.013604272449893111,655.275485294086,808.5695167099088,2.2,495.72198486328125,525.8001708984375,524.8289794921875,563.5759887695312,16.36564064025879,13603,0.0,19.478300094604492,18.420307159423828,65.33110809326172,12.22513198852539,13603,0.0,37.51307678222656,33.3049430847168,217.7269287109375,26.0731201171875,13603,67.85400390625,elevata (15–25°)
53,4,22,22205,510,222050000510,22,4,2220540001,0,0,0,0,0,0,22205007,0,0,0,0,1,1,4.0,Trentino-Alto Adige/Südtirol,22.0,Trento,205.0,Trento,22205.0,22205007.0,0.0,0.0,0.0,0.0,0.0,0.0,0.0,0.0,0.0,0.0,0.0,0.0,0.0,0.0,0.0,0.0,0.0,0.0,0.0,0.0,0.0,0.0,0.0,0.0,0.0,0.0,0.0,0.0,0.0,0.0,0.0,0.0,0.0,0.0,0.0,0.0,0.0,0.0,0.0,0.0,0.0,0.0,0.0,0.0,0.0,0.0,0.0,0.0,0.0,0.0,0.0,0.0,0.0,0.0,0.0,0.0,0.0,0.0,0.0,0.0,0.0,0.0,0.0,0.0,0.0,0.0,0.0,0.0,0.0,0.0,0.0,0.0,0.0,0.0,0.0,0.0,0.0,0.0,0.0,0.0,0.0,0.0,0.0,0.0,0.0,0.0,0.0,0.0,0.0,0.0,0.0,0.0,0.0,0.0,0.0,0.0,0.0,0.0,0.0,0.0,0.0,0.0,0.0,0.0,0.0,0.0,0.0,0.0,0.0,0.0,0.0,0.0,0.0,0.0,0.0,0.0,0.0,0.0,0.0,0.0,0.0,0.0,0.0,0.0,0.0,0.0,1.0,0.0,1.0,True,0.0,0.0,1.0,1.0,2324626.366380766,2.324626366380766,8589.050783490095,0.0,,685.281005859375,1098.6697998046875,1088.1715087890625,1474.946044921875,148.60728454589844,2324632,0.0,30.76938819885254,30.41265296936035,87.2800521850586,13.412069320678711,2324632,0.0,66.98169708251953,58.6993408203125,2104.92236328125,53.413055419921875,2324632,789.6650390625,molto elevata (25–35°)
54,4,22,22205,518,222050000518,22,4,2220540001,0,0,0,0,0,0,22205009,0,0,3,1,2,2,4.0,Trentino-Alto Adige/Südtirol,22.0,Trento,205.0,Trento,22205.0,22205009.0,0.0,0.0,0.0,0.0,0.0,0.0,0.0,0.0,0.0,0.0,0.0,0.0,0.0,0.0,0.0,0.0,0.0,0.0,0.0,0.0,0.0,0.0,0.0,0.0,0.0,0.0,0.0,0.0,0.0,0.0,0.0,0.0,0.0,0.0,0.0,0.0,0.0,0.0,0.0,0.0,0.0,0.0,0.0,0.0,0.0,0.0,0.0,0.0,0.0,0.0,0.0,0.0,0.0,0.0,0.0,0.0,0.0,0.0,0.0,0.0,0.0,0.0,0.0,0.0,0.0,0.0,0.0,0.0,0.0,0.0,0.0,0.0,0.0,0.0,0.0,0.0,0.0,0.0,0.0,0.0,0.0,0.0,0.0,0.0,0.0,0.0,0.0,0.0,0.0,0.0,0.0,0.0,0.0,0.0,0.0,0.0,0.0,0.0,0.0,0.0,0.0,0.0,0.0,0.0,0.0,0.0,0.0,0.0,0.0,0.0,0.0,0.0,0.0,0.0,0.0,0.0,0.0,0.0,0.0,0.0,0.0,0.0,0.0,0.0,0.0,0.0,2.0,0.0,2.0,True,0.0,0.0,2.0,2.0,27.65580826221799,2.765580826221799e-05,1423.5822745976993,0.0,,1397.428955078125,1575.61279296875,1602.740966796875,1711.56396484375,96.14054870605469,26,8.382068634033203,33.037620544433594,31.686115264892578,65.18791961669922,10.493066787719727,26,14.734737396240234,69.6794662475586,61.75193786621094,216.30001831054688,36.01936721801758,26,314.135009765625,molto elevata (25–35°)
55,4,22,22205,545,222050000545,22,4,2220540001,0,0,0,0,0,0,22205007,0,0,0,0,1,1,,,,,,,,,,,,,,,,,,,,,,,,,,,,,,,,,,,,,,,,,,,,,,,,,,,,,,,,,,,,,,,,,,,,,,,,,,,,,,,,,,,,,,,,,,,,,,,,,,,,,,,,,,,,,,,,,,,,,,,,,,,,,,,,,,,,,,,,,,False,0.0,0.0,1.0,1.0,2777817.664544483,2.777817664544483,10295.417847152628,0.0,,781.9520263671875,1179.1011962890625,1199.697021484375,1737.4630126953125,212.7315216064453,2777803,0.0,28.020307540893555,28.1957950592041,83.31675720214844,12.09116268157959,2777803,0.0,57.12932205200195,53.61008071899414,853.4136962890625,33.27378463745117,2777803,955.510986328125,molto elevata (25–35°)
56,4,22,22205,546,222050000546,1,1,2220510011,0,0,0,0,0,0,22205007,0,0,78,28,30,8,4.0,Trentino-Alto Adige/Südtirol,22.0,Trento,205.0,Trento,22205.0,22205007.0,0.0,0.0,77.0,34.0,43.0,0.0,2.0,4.0,11.0,4.0,6.0,1.0,1.0,1.0,3.0,8.0,14.0,9.0,2.0,2.0,9.0,0.0,1.0,1.0,3.0,2.0,3.0,1.0,0.0,1.0,1.0,2.0,7.0,5.0,2.0,1.0,4.0,0.0,1.0,3.0,8.0,2.0,3.0,0.0,1.0,0.0,2.0,6.0,7.0,4.0,0.0,1.0,5.0,75.0,33.0,42.0,1.0,6.0,17.0,32.0,19.0,1.0,3.0,7.0,12.0,10.0,0.0,3.0,10.0,20.0,9.0,37.0,18.0,19.0,6.0,55.0,13.0,2.0,24.0,7.0,4.0,31.0,6.0,34.0,17.0,17.0,3.0,1.0,2.0,1.0,2.0,0.0,0.0,0.0,0.0,3.0,1.0,2.0,0.0,3.0,0.0,0.0,1.0,0.0,0.0,2.0,0.0,3.0,1.0,2.0,72.0,1.0,1.0,0.0,0.0,3.0,29.0,8.0,6.0,6.0,7.0,1.0,1.0,0.0,48.0,29.0,2.0,0.0,31.0,True,77.0,29.0,30.0,8.0,17645.813557406713,0.017645813557406714,637.4173756981057,4363.641254028764,2.6551724137931036,474.7869873046875,484.50164794921875,484.6570129394531,495.1860046386719,4.400460720062256,17662,0.0,9.280904769897461,6.173234939575195,70.68525695800781,9.70500659942627,17662,0.0,17.48807716369629,10.816213607788086,285.31982421875,21.6187744140625,17662,20.399017333984375,debole (3–8°)
57,4,22,22205,616,222050000616,18,1,2220510011,0,0,0,0,0,0,22205007,0,0,17,4,6,2,4.0,Trentino-Alto Adige/Südtirol,22.0,Trento,205.0,Trento,22205.0,22205007.0,0.0,0.0,10.0,6.0,4.0,0.0,0.0,0.0,0.0,1.0,2.0,2.0,0.0,0.0,2.0,0.0,2.0,0.0,0.0,1.0,0.0,0.0,0.0,0.0,0.0,0.0,1.0,1.0,0.0,0.0,2.0,0.0,1.0,0.0,0.0,1.0,0.0,0.0,0.0,0.0,0.0,1.0,1.0,1.0,0.0,0.0,0.0,0.0,1.0,0.0,0.0,0.0,0.0,10.0,6.0,4.0,0.0,0.0,1.0,8.0,1.0,0.0,0.0,1.0,5.0,0.0,0.0,0.0,0.0,3.0,1.0,5.0,4.0,1.0,0.0,7.0,1.0,0.0,4.0,1.0,0.0,3.0,0.0,5.0,4.0,1.0,2.0,1.0,1.0,0.0,2.0,0.0,2.0,1.0,1.0,0.0,0.0,0.0,0.0,2.0,0.0,0.0,1.0,0.0,0.0,1.0,0.0,0.0,0.0,0.0,7.0,1.0,0.0,0.0,0.0,2.0,4.0,0.0,3.0,0.0,1.0,0.0,0.0,0.0,5.0,4.0,1.0,0.0,5.0,True,10.0,4.0,6.0,2.0,28585.410892425967,0.02858541089242597,768.6536108128114,349.8288003496782,2.5,366.5140075683594,373.73291015625,373.802001953125,382.2900085449219,2.3566243648529053,28521,0.0,6.4971818923950195,4.373591423034668,64.88170623779297,6.8107829093933105,28521,0.0,11.783414840698242,7.648218154907227,213.29978942871094,13.843586921691895,28521,15.7760009765625,debole (3–8°)
58,4,22,22205,617,222050000617,9,1,2220510011,0,0,0,0,0,0,22205007,0,0,182,0,1,1,4.0,Trentino-Alto Adige/Südtirol,22.0,Trento,205.0,Trento,22205.0,22205007.0,0.0,0.0,191.0,45.0,146.0,0.0,0.0,0.0,0.0,0.0,0.0,0.0,0.0,1.0,0.0,2.0,2.0,3.0,10.0,6.0,167.0,0.0,0.0,0.0,0.0,0.0,0.0,0.0,0.0,1.0,0.0,1.0,1.0,3.0,6.0,2.0,31.0,0.0,0.0,0.0,0.0,0.0,0.0,0.0,0.0,0.0,0.0,1.0,1.0,0.0,4.0,4.0,136.0,191.0,45.0,146.0,7.0,77.0,56.0,37.0,14.0,1.0,11.0,15.0,12.0,6.0,6.0,66.0,41.0,25.0,8.0,1.0,1.0,0.0,0.0,7.0,179.0,0.0,5.0,37.0,0.0,2.0,142.0,1.0,1.0,0.0,5.0,3.0,2.0,0.0,0.0,5.0,0.0,0.0,0.0,5.0,3.0,2.0,0.0,1.0,4.0,0.0,1.0,2.0,0.0,0.0,2.0,0.0,0.0,0.0,181.0,0.0,0.0,5.0,0.0,5.0,0.0,0.0,0.0,0.0,0.0,0.0,0.0,0.0,23.0,0.0,41.0,0.0,41.0,True,191.0,0.0,1.0,1.0,30469.10553668964,0.03046910553668964,801.9315764989237,6268.644800550698,,422.09100341796875,436.4671630859375,437.0299987792969,451.90899658203125,7.210425853729248,30465,0.0,10.21721363067627,5.857129096984863,77.42235565185547,11.876171112060547,30465,0.0,20.793853759765625,10.258378028869629,448.1956481933594,34.44917297363281,30465,29.8179931640625,debole (3–8°)
59,4,22,22205,618,222050000618,18,1,2220510011,0,0,0,0,0,0,22205007,0,0,0,0,1,1,,,,,,,,,,,,,,,,,,,,,,,,,,,,,,,,,,,,,,,,,,,,,,,,,,,,,,,,,,,,,,,,,,,,,,,,,,,,,,,,,,,,,,,,,,,,,,,,,,,,,,,,,,,,,,,,,,,,,,,,,,,,,,,,,,,,,,,,,,False,0.0,0.0,1.0,1.0,21650.456525112815,0.021650456525112816,615.8999851569541,0.0,,378.00201416015625,387.9111022949219,386.9800109863281,398.3970031738281,3.1025490760803223,21645,0.0,7.143537998199463,3.4334909915924072,77.58222198486328,11.324288368225098,21645,0.0,14.934795379638672,5.999755859375,454.1541748046875,32.16546630859375,21645,20.394989013671875,debole (3–8°)
60,4,22,22205,619,222050000619,5,1,2220510011,0,0,0,0,0,0,22205007,0,0,0,0,1,1,,,,,,,,,,,,,,,,,,,,,,,,,,,,,,,,,,,,,,,,,,,,,,,,,,,,,,,,,,,,,,,,,,,,,,,,,,,,,,,,,,,,,,,,,,,,,,,,,,,,,,,,,,,,,,,,,,,,,,,,,,,,,,,,,,,,,,,,,,False,0.0,0.0,1.0,1.0,3424.7630697438412,0.0034247630697438413,232.1546246734494,0.0,,397.28399658203125,400.4820861816406,400.55499267578125,403.8139953613281,1.449611783027649,3422,0.0,9.596478462219238,6.777871131896973,70.28541564941406,9.22712230682373,3422,0.0,18.146928787231445,11.885108947753906,279.06536865234375,22.54975700378418,3422,6.529998779296875,debole (3–8°)
61,4,22,22205,620,222050000620,2,1,2220510011,0,0,0,0,0,0,22205007,0,0,0,0,1,1,,,,,,,,,,,,,,,,,,,,,,,,,,,,,,,,,,,,,,,,,,,,,,,,,,,,,,,,,,,,,,,,,,,,,,,,,,,,,,,,,,,,,,,,,,,,,,,,,,,,,,,,,,,,,,,,,,,,,,,,,,,,,,,,,,,,,,,,,,False,0.0,0.0,1.0,1.0,1520.694702722286,0.001520694702722286,160.55481131325553,0.0,,396.385009765625,397.4670715332031,397.4150085449219,398.9949951171875,0.4625566303730011,1518,0.0,4.520830154418945,3.480760097503662,24.984054565429688,3.4889650344848633,1518,0.0,7.955192565917969,6.08255672454834,46.59688949584961,6.275389194488525,1518,2.6099853515625,debole (3–8°)
62,4,22,22205,621,222050000621,5,1,2220510011,0,0,0,0,0,0,22205007,0,0,0,0,1,1,,,,,,,,,,,,,,,,,,,,,,,,,,,,,,,,,,,,,,,,,,,,,,,,,,,,,,,,,,,,,,,,,,,,,,,,,,,,,,,,,,,,,,,,,,,,,,,,,,,,,,,,,,,,,,,,,,,,,,,,,,,,,,,,,,,,,,,,,,False,0.0,0.0,1.0,1.0,2716.053489959593,0.0027160534899595933,215.25446029608545,0.0,,383.0090026855469,385.41387939453125,385.37799072265625,387.53900146484375,0.6279160380363464,2718,0.0,4.939626693725586,3.0968101024627686,49.305904388427734,5.558014392852783,2718,0.0,8.839614868164062,5.410223007202148,116.28495788574219,10.6505708694458,2718,4.529998779296875,debole (3–8°)
63,4,22,22205,622,222050000622,15,1,2220510011,0,0,0,0,0,0,22205007,0,0,1,1,3,2,,,,,,,,,,,,,,,,,,,,,,,,,,,,,,,,,,,,,,,,,,,,,,,,,,,,,,,,,,,,,,,,,,,,,,,,,,,,,,,,,,,,,,,,,,,,,,,,,,,,,,,,,,,,,,,,,,,,,,,,,,,,,,,,,,,,,,,,,,False,1.0,1.0,3.0,2.0,8673.353531782235,0.008673353531782235,418.83240257660833,115.29565771020937,1.0,393.62298583984375,399.60321044921875,398.84149169921875,406.7309875488281,2.7499892711639404,8676,0.0,6.387404918670654,4.6179938316345215,55.499935150146484,6.520273208618164,8676,0.0,11.558892250061035,8.077418327331543,145.50054931640625,13.163564682006836,8676,13.108001708984375,debole (3–8°)
64,4,22,22205,623,222050000623,37,1,2220510011,0,0,0,0,0,0,22205007,0,0,0,0,1,1,,,,,,,,,,,,,,,,,,,,,,,,,,,,,,,,,,,,,,,,,,,,,,,,,,,,,,,,,,,,,,,,,,,,,,,,,,,,,,,,,,,,,,,,,,,,,,,,,,,,,,,,,,,,,,,,,,,,,,,,,,,,,,,,,,,,,,,,,,False,0.0,0.0,1.0,1.0,14170.45961130482,0.014170459611304819,511.2192088705522,0.0,,385.2560119628906,389.47509765625,388.5849914550781,392.9330139160156,1.8824467658996582,14172,0.0,5.929253101348877,2.7156314849853516,69.10810852050781,9.287321090698242,14172,0.0,11.62102222442627,4.743223667144775,261.9853515625,23.39011573791504,14172,7.677001953125,quasi pianeggiante (<3°)
65,4,22,22205,624,222050000624,5,1,2220510011,0,0,0,0,0,0,22205007,0,0,0,0,1,1,4.0,Trentino-Alto Adige/Südtirol,22.0,Trento,205.0,Trento,22205.0,22205007.0,0.0,0.0,2.0,0.0,2.0,0.0,0.0,0.0,0.0,0.0,0.0,1.0,0.0,0.0,0.0,0.0,0.0,1.0,0.0,0.0,0.0,0.0,0.0,0.0,0.0,0.0,0.0,0.0,0.0,0.0,0.0,0.0,0.0,0.0,0.0,0.0,0.0,0.0,0.0,0.0,0.0,0.0,0.0,1.0,0.0,0.0,0.0,0.0,0.0,1.0,0.0,0.0,0.0,2.0,0.0,2.0,0.0,0.0,0.0,1.0,1.0,0.0,0.0,0.0,0.0,0.0,0.0,0.0,0.0,1.0,1.0,1.0,0.0,1.0,0.0,2.0,0.0,0.0,0.0,0.0,0.0,2.0,0.0,1.0,0.0,1.0,0.0,0.0,0.0,0.0,0.0,0.0,0.0,0.0,0.0,0.0,0.0,0.0,0.0,0.0,0.0,0.0,0.0,0.0,0.0,0.0,0.0,0.0,0.0,0.0,2.0,0.0,0.0,0.0,0.0,0.0,1.0,0.0,1.0,0.0,0.0,0.0,0.0,0.0,3.0,1.0,0.0,0.0,1.0,True,2.0,1.0,1.0,1.0,7697.498728972876,0.007697498728972876,413.36905667795605,259.8246612853773,2.0,358.9119873046875,367.0545349121094,367.4330139160156,372.4729919433594,2.844284772872925,7692,0.0,14.602972030639648,9.958502769470215,69.42008972167969,12.757929801940918,7692,0.0,28.881122589111328,17.558029174804688,266.32916259765625,31.35270118713379,7692,13.561004638671875,moderata (8–15°)
66,4,22,22205,861,222050000861,5,1,2220510018,0,0,0,0,0,0,22205010,0,0,0,0,1,1,,,,,,,,,,,,,,,,,,,,,,,,,,,,,,,,,,,,,,,,,,,,,,,,,,,,,,,,,,,,,,,,,,,,,,,,,,,,,,,,,,,,,,,,,,,,,,,,,,,,,,,,,,,,,,,,,,,,,,,,,,,,,,,,,,,,,,,,,,False,0.0,0.0,1.0,1.0,3.074736994960331e-09,3.074736994960331e-15,0.0002982888720284691,0.0,,,,,,,0,,,,,,0,,,,,,0,,dato non disponibile
67,4,22,22205,870,222050000870,5,1,2220510018,0,0,0,0,0,0,22205009,0,0,0,0,1,1,4.0,Trentino-Alto Adige/Südtirol,22.0,Trento,205.0,Trento,22205.0,22205009.0,0.0,0.0,0.0,0.0,0.0,0.0,0.0,0.0,0.0,0.0,0.0,0.0,0.0,0.0,0.0,0.0,0.0,0.0,0.0,0.0,0.0,0.0,0.0,0.0,0.0,0.0,0.0,0.0,0.0,0.0,0.0,0.0,0.0,0.0,0.0,0.0,0.0,0.0,0.0,0.0,0.0,0.0,0.0,0.0,0.0,0.0,0.0,0.0,0.0,0.0,0.0,0.0,0.0,0.0,0.0,0.0,0.0,0.0,0.0,0.0,0.0,0.0,0.0,0.0,0.0,0.0,0.0,0.0,0.0,0.0,0.0,0.0,0.0,0.0,0.0,0.0,0.0,0.0,0.0,0.0,0.0,0.0,0.0,0.0,0.0,0.0,0.0,0.0,0.0,0.0,0.0,0.0,0.0,0.0,0.0,0.0,0.0,0.0,0.0,0.0,0.0,0.0,0.0,0.0,0.0,0.0,0.0,0.0,0.0,0.0,0.0,0.0,0.0,0.0,0.0,0.0,0.0,0.0,0.0,0.0,0.0,0.0,0.0,0.0,0.0,0.0,1.0,0.0,1.0,True,0.0,0.0,1.0,1.0,5.768326221848551,5.768326221848551e-06,346.1127119536993,0.0,,243.63800048828125,265.218017578125,269.9779968261719,277.27801513671875,12.851096153259277,4,27.266204833984375,40.30398178100586,40.849082946777344,52.251556396484375,9.962233543395996,4,51.53917694091797,89.38865661621094,88.42819213867188,129.15904235839844,30.88878059387207,4,33.6400146484375,estrema (≥35°)
68,4,22,22205,874,222050000874,10,1,2220510018,0,0,0,0,0,0,22205009,0,0,2,1,3,2,,,,,,,,,,,,,,,,,,,,,,,,,,,,,,,,,,,,,,,,,,,,,,,,,,,,,,,,,,,,,,,,,,,,,,,,,,,,,,,,,,,,,,,,,,,,,,,,,,,,,,,,,,,,,,,,,,,,,,,,,,,,,,,,,,,,,,,,,,False,2.0,1.0,3.0,2.0,0.0022368476181360043,2.2368476181360043e-09,0.8082302122576712,894115443.4411707,2.0,,,,,,0,,,,,,0,,,,,,0,,dato non disponibile
69,4,22,22205,891,222050000891,1,1,2220510018,0,0,0,0,0,0,22205009,0,0,32,18,19,9,4.0,Trentino-Alto Adige/Südtirol,22.0,Trento,205.0,Trento,22205.0,22205009.0,0.0,0.0,29.0,14.0,15.0,0.0,0.0,0.0,0.0,1.0,4.0,0.0,2.0,0.0,0.0,2.0,3.0,1.0,4.0,4.0,8.0,0.0,0.0,0.0,0.0,1.0,1.0,0.0,2.0,0.0,0.0,1.0,0.0,1.0,3.0,1.0,4.0,0.0,0.0,0.0,0.0,0.0,3.0,0.0,0.0,0.0,0.0,1.0,3.0,0.0,1.0,3.0,4.0,29.0,14.0,15.0,0.0,1.0,6.0,12.0,10.0,0.0,1.0,3.0,5.0,5.0,0.0,0.0,3.0,7.0,5.0,7.0,3.0,4.0,0.0,11.0,15.0,0.0,5.0,8.0,0.0,6.0,7.0,7.0,3.0,4.0,3.0,1.0,2.0,1.0,1.0,1.0,0.0,0.0,0.0,3.0,1.0,2.0,0.0,2.0,1.0,0.0,1.0,0.0,0.0,1.0,1.0,0.0,0.0,0.0,25.0,0.0,0.0,1.0,0.0,3.0,18.0,9.0,7.0,2.0,0.0,0.0,0.0,0.0,21.0,18.0,0.0,0.0,18.0,True,29.0,18.0,19.0,9.0,0.4868959471559524,4.868959471559524e-07,59.87766009500879,59560980.47107244,1.6111111111111112,314.3689880371094,314.3689880371094,314.3689880371094,314.3689880371094,0.0,1,49.43975830078125,49.43975830078125,49.43975830078125,49.43975830078125,0.0,1,116.83598327636719,116.83598327636719,116.83598327636719,116.83598327636719,0.0,1,0.0,estrema (≥35°)
70,4,22,22205,1066,222050001066,36,4,2220540001,0,0,0,0,0,0,22205006,0,0,0,0,1,1,,,,,,,,,,,,,,,,,,,,,,,,,,,,,,,,,,,,,,,,,,,,,,,,,,,,,,,,,,,,,,,,,,,,,,,,,,,,,,,,,,,,,,,,,,,,,,,,,,,,,,,,,,,,,,,,,,,,,,,,,,,,,,,,,,,,,,,,,,False,0.0,0.0,1.0,1.0,0.00392297312899359,3.92297312899359e-09,88.41611587148496,0.0,,,,,,,0,,,,,,0,,,,,,0,,dato non disponibile
71,4,22,22205,1069,222050001069,36,4,2220540001,0,0,0,0,0,0,22205007,0,0,0,0,1,1,,,,,,,,,,,,,,,,,,,,,,,,,,,,,,,,,,,,,,,,,,,,,,,,,,,,,,,,,,,,,,,,,,,,,,,,,,,,,,,,,,,,,,,,,,,,,,,,,,,,,,,,,,,,,,,,,,,,,,,,,,,,,,,,,,,,,,,,,,False,0.0,0.0,1.0,1.0,4059.64276870836,0.0040596427687083604,782.1727852855772,0.0,,325.2489929199219,330.05865478515625,329.9339904785156,338.822998046875,2.2978579998016357,4063,0.0,12.436881065368652,9.520658493041992,52.91502380371094,9.37225341796875,4063,0.0,22.93988037109375,16.77132797241211,132.29579162597656,18.744997024536133,4063,13.574005126953125,moderata (8–15°)
72,4,22,22205,1071,222050001071,22,4,2220540001,0,0,0,0,0,0,22205007,0,0,0,0,1,1,,,,,,,,,,,,,,,,,,,,,,,,,,,,,,,,,,,,,,,,,,,,,,,,,,,,,,,,,,,,,,,,,,,,,,,,,,,,,,,,,,,,,,,,,,,,,,,,,,,,,,,,,,,,,,,,,,,,,,,,,,,,,,,,,,,,,,,,,,False,0.0,0.0,1.0,1.0,5376.707023413582,0.0053767070234135815,606.5510962829732,0.0,,324.39898681640625,328.2687683105469,328.3559875488281,332.60699462890625,1.751966953277588,5373,0.0,13.104995727539062,8.997963905334473,57.32462692260742,11.47674560546875,5373,0.0,24.812135696411133,15.83480167388916,155.9133758544922,23.89798927307129,5373,8.2080078125,moderata (8–15°)
73,4,22,22205,1077,222050001077,22,4,2220540001,0,0,0,0,0,0,22205006,0,0,0,0,1,1,,,,,,,,,,,,,,,,,,,,,,,,,,,,,,,,,,,,,,,,,,,,,,,,,,,,,,,,,,,,,,,,,,,,,,,,,,,,,,,,,,,,,,,,,,,,,,,,,,,,,,,,,,,,,,,,,,,,,,,,,,,,,,,,,,,,,,,,,,False,0.0,0.0,1.0,1.0,0.13764726919226195,1.3764726919226193e-07,312.1985505454705,0.0,,,,,,,0,,,,,,0,,,,,,0,,dato non disponibile
74,4,22,22205,1078,222050001078,36,4,2220540001,0,0,0,0,0,0,22205006,0,0,0,0,1,1,,,,,,,,,,,,,,,,,,,,,,,,,,,,,,,,,,,,,,,,,,,,,,,,,,,,,,,,,,,,,,,,,,,,,,,,,,,,,,,,,,,,,,,,,,,,,,,,,,,,,,,,,,,,,,,,,,,,,,,,,,,,,,,,,,,,,,,,,,False,0.0,0.0,1.0,1.0,0.0010844584405272828,1.0844584405272828e-09,30.117102121985255,0.0,,,,,,,0,,,,,,0,,,,,,0,,dato non disponibile
75,4,22,22205,1080,222050001080,22,4,2220540001,0,0,0,0,0,0,22205007,0,0,1,1,2,2,4.0,Trentino-Alto Adige/Südtirol,22.0,Trento,205.0,Trento,22205.0,22205007.0,0.0,0.0,1.0,1.0,0.0,0.0,0.0,0.0,0.0,0.0,0.0,0.0,0.0,0.0,0.0,0.0,0.0,0.0,0.0,1.0,0.0,0.0,0.0,0.0,0.0,0.0,0.0,0.0,0.0,0.0,0.0,0.0,0.0,0.0,0.0,1.0,0.0,0.0,0.0,0.0,0.0,0.0,0.0,0.0,0.0,0.0,0.0,0.0,0.0,0.0,0.0,0.0,0.0,1.0,1.0,0.0,0.0,0.0,1.0,0.0,0.0,0.0,0.0,1.0,0.0,0.0,0.0,0.0,0.0,0.0,0.0,0.0,0.0,0.0,0.0,0.0,1.0,0.0,0.0,1.0,0.0,0.0,0.0,0.0,0.0,0.0,0.0,0.0,0.0,0.0,0.0,0.0,0.0,0.0,0.0,0.0,0.0,0.0,0.0,0.0,0.0,0.0,0.0,0.0,0.0,0.0,0.0,0.0,0.0,0.0,1.0,0.0,0.0,0.0,0.0,0.0,1.0,1.0,0.0,0.0,0.0,0.0,0.0,0.0,3.0,1.0,0.0,0.0,1.0,True,1.0,1.0,2.0,2.0,38240.90641085837,0.03824090641085837,1469.9598923123965,26.150007775863113,1.0,259.0150146484375,330.29693603515625,326.0260009765625,362.75201416015625,13.318990707397461,38233,0.0,28.37697410583496,25.04026985168457,88.985107421875,22.76376724243164,38233,0.0,87.92438507080078,46.71636199951172,5644.92236328125,185.07888793945312,38233,103.73699951171875,molto elevata (25–35°)
76,4,22,22205,1085,222050001085,10,4,2220540001,0,0,0,0,0,0,22205007,0,0,0,0,1,1,,,,,,,,,,,,,,,,,,,,,,,,,,,,,,,,,,,,,,,,,,,,,,,,,,,,,,,,,,,,,,,,,,,,,,,,,,,,,,,,,,,,,,,,,,,,,,,,,,,,,,,,,,,,,,,,,,,,,,,,,,,,,,,,,,,,,,,,,,False,0.0,0.0,1.0,1.0,24771.449109792324,0.024771449109792322,4457.279712661222,0.0,,316.5880126953125,341.0608825683594,339.0,386.6260070800781,11.414043426513672,24771,0.0,24.041961669921875,15.41732406616211,85.65589141845703,22.009815216064453,24771,0.0,66.6653060913086,27.57712173461914,1316.402099609375,100.65309143066406,24771,70.03799438476562,elevata (15–25°)
77,4,22,22205,1087,222050001087,22,4,2220540001,0,0,0,0,0,0,22205007,0,0,0,0,1,1,4.0,Trentino-Alto Adige/Südtirol,22.0,Trento,205.0,Trento,22205.0,22205007.0,0.0,0.0,12.0,6.0,6.0,1.0,1.0,2.0,0.0,0.0,0.0,2.0,1.0,3.0,1.0,1.0,0.0,0.0,0.0,0.0,0.0,1.0,0.0,2.0,0.0,0.0,0.0,1.0,0.0,1.0,1.0,0.0,0.0,0.0,0.0,0.0,0.0,0.0,1.0,0.0,0.0,0.0,0.0,1.0,1.0,2.0,0.0,1.0,0.0,0.0,0.0,0.0,0.0,10.0,5.0,5.0,0.0,2.0,0.0,4.0,4.0,0.0,2.0,0.0,2.0,1.0,0.0,0.0,0.0,2.0,3.0,7.0,3.0,4.0,4.0,8.0,0.0,3.0,3.0,0.0,1.0,5.0,0.0,7.0,3.0,4.0,0.0,0.0,0.0,0.0,0.0,0.0,0.0,0.0,0.0,0.0,0.0,0.0,0.0,0.0,0.0,0.0,0.0,0.0,0.0,0.0,0.0,0.0,0.0,0.0,12.0,0.0,0.0,0.0,0.0,0.0,5.0,2.0,1.0,0.0,2.0,0.0,0.0,0.0,6.0,5.0,7.0,0.0,12.0,True,12.0,5.0,1.0,1.0,75869.1880722504,0.0758691880722504,2106.8938644517016,158.16697535463766,2.4,321.54901123046875,354.0829772949219,355.5350036621094,376.91900634765625,11.427848815917969,75868,0.0,17.880613327026367,9.705991744995117,82.19245910644531,16.008230209350586,75868,0.0,37.732879638671875,17.104076385498047,729.3036499023438,45.37781524658203,75868,55.3699951171875,moderata (8–15°)
78,4,22,22205,1089,222050001089,1,4,2220540001,0,0,0,0,0,0,22205007,0,0,36,23,29,11,4.0,Trentino-Alto Adige/Südtirol,22.0,Trento,205.0,Trento,22205.0,22205007.0,0.0,0.0,30.0,14.0,16.0,1.0,1.0,1.0,1.0,1.0,1.0,0.0,2.0,0.0,0.0,3.0,3.0,4.0,1.0,3.0,8.0,1.0,1.0,1.0,0.0,0.0,1.0,0.0,1.0,0.0,0.0,3.0,1.0,2.0,0.0,1.0,2.0,0.0,0.0,0.0,1.0,1.0,0.0,0.0,1.0,0.0,0.0,0.0,2.0,2.0,1.0,2.0,6.0,28.0,12.0,16.0,0.0,3.0,6.0,13.0,6.0,0.0,2.0,1.0,5.0,4.0,0.0,1.0,5.0,8.0,2.0,9.0,6.0,3.0,3.0,14.0,12.0,3.0,8.0,3.0,0.0,6.0,9.0,8.0,6.0,2.0,1.0,0.0,1.0,0.0,0.0,1.0,0.0,0.0,0.0,1.0,0.0,1.0,0.0,1.0,0.0,0.0,0.0,0.0,0.0,1.0,0.0,1.0,0.0,1.0,29.0,0.0,0.0,0.0,0.0,1.0,16.0,9.0,4.0,0.0,2.0,1.0,0.0,0.0,11.0,16.0,30.0,0.0,46.0,True,30.0,16.0,29.0,11.0,40595.379597362095,0.04059537959736209,867.7964332727817,739.0003566304727,1.875,303.4649963378906,315.2956237792969,313.93499755859375,330.7030029296875,6.37279748916626,40594,0.0,9.956101417541504,7.0518317222595215,70.99285125732422,9.223011016845703,40594,0.0,18.584491729736328,12.370293617248535,290.3034362792969,20.518268585205078,40594,27.238006591796875,debole (3–8°)
79,4,22,22205,1091,222050001091,18,4,2220540001,0,0,0,0,0,0,22205010,0,0,3,3,4,2,,,,,,,,,,,,,,,,,,,,,,,,,,,,,,,,,,,,,,,,,,,,,,,,,,,,,,,,,,,,,,,,,,,,,,,,,,,,,,,,,,,,,,,,,,,,,,,,,,,,,,,,,,,,,,,,,,,,,,,,,,,,,,,,,,,,,,,,,,False,3.0,3.0,4.0,2.0,6.251881321396702,6.2518813213967025e-06,328.36231814227045,479855.55799542664,1.0,297.13800048828125,300.29937744140625,297.6780090332031,311.7449951171875,5.72694730758667,5,5.069253921508789,7.036998748779297,7.643798351287842,8.789624214172363,1.6323301792144775,5,8.870675086975098,12.35398006439209,13.420660018920898,15.462276458740234,2.89078950881958,5,14.60699462890625,debole (3–8°)
80,4,22,22205,1092,222050001092,1,4,2220540001,0,0,0,0,0,0,22205010,0,0,39,19,20,10,4.0,Trentino-Alto Adige/Südtirol,22.0,Trento,205.0,Trento,22205.0,22205010.0,0.0,0.0,39.0,20.0,19.0,0.0,0.0,1.0,2.0,3.0,5.0,3.0,3.0,0.0,1.0,3.0,5.0,2.0,6.0,1.0,4.0,0.0,0.0,1.0,1.0,1.0,3.0,2.0,2.0,0.0,0.0,2.0,1.0,2.0,3.0,1.0,1.0,0.0,0.0,0.0,1.0,2.0,2.0,1.0,1.0,0.0,1.0,1.0,4.0,0.0,3.0,0.0,3.0,39.0,20.0,19.0,0.0,3.0,8.0,16.0,12.0,0.0,1.0,4.0,8.0,7.0,0.0,2.0,4.0,8.0,5.0,19.0,10.0,9.0,1.0,25.0,11.0,1.0,12.0,5.0,0.0,13.0,6.0,18.0,9.0,9.0,2.0,2.0,0.0,1.0,1.0,0.0,0.0,0.0,0.0,2.0,2.0,0.0,0.0,2.0,0.0,0.0,2.0,0.0,0.0,0.0,0.0,1.0,1.0,0.0,36.0,0.0,0.0,1.0,0.0,2.0,20.0,12.0,2.0,3.0,2.0,0.0,1.0,2.0,22.0,19.0,0.0,0.0,19.0,True,39.0,20.0,20.0,10.0,0.2456744024180071,2.456744024180071e-07,42.05199026312847,158746697.3203124,1.95,,,,,,0,,,,,,0,,,,,,0,,dato non disponibile
81,4,22,22205,1093,222050001093,1,4,2220540001,0,0,0,0,0,0,22205010,0,0,23,8,9,5,4.0,Trentino-Alto Adige/Südtirol,22.0,Trento,205.0,Trento,22205.0,22205010.0,0.0,0.0,15.0,6.0,9.0,0.0,0.0,0.0,2.0,2.0,2.0,1.0,0.0,0.0,1.0,0.0,2.0,0.0,2.0,0.0,3.0,0.0,0.0,0.0,1.0,1.0,0.0,0.0,0.0,0.0,1.0,0.0,1.0,0.0,1.0,0.0,1.0,0.0,0.0,0.0,1.0,1.0,2.0,1.0,0.0,0.0,0.0,0.0,1.0,0.0,1.0,0.0,2.0,15.0,6.0,9.0,0.0,1.0,1.0,4.0,9.0,0.0,0.0,1.0,2.0,3.0,0.0,1.0,0.0,2.0,6.0,5.0,2.0,3.0,0.0,10.0,5.0,0.0,4.0,2.0,0.0,6.0,3.0,5.0,2.0,3.0,0.0,0.0,0.0,0.0,0.0,0.0,0.0,0.0,0.0,0.0,0.0,0.0,0.0,0.0,0.0,0.0,0.0,0.0,0.0,0.0,0.0,0.0,0.0,0.0,14.0,1.0,0.0,0.0,0.0,0.0,4.0,1.0,0.0,1.0,0.0,1.0,1.0,0.0,8.0,4.0,4.0,0.0,8.0,True,15.0,4.0,9.0,5.0,1.2269426577319262,1.2269426577319261e-06,146.07640316216904,12225510.218813617,3.75,318.9110107421875,319.0159912109375,319.0159912109375,319.1210021972656,0.1049957275390625,2,1.4332410097122192,3.9636037349700928,3.9636037349700928,6.493966579437256,2.530362844467163,2,2.5019993782043457,6.942446708679199,6.942446708679199,11.382893562316895,4.4404473304748535,2,0.209991455078125,debole (3–8°)
82,4,22,22205,1096,222050001096,65,4,2220540001,0,0,0,0,0,0,22205010,0,0,2,1,3,2,4.0,Trentino-Alto Adige/Südtirol,22.0,Trento,205.0,Trento,22205.0,22205010.0,0.0,0.0,3.0,1.0,2.0,0.0,0.0,0.0,0.0,0.0,0.0,0.0,0.0,0.0,0.0,0.0,0.0,2.0,0.0,0.0,1.0,0.0,0.0,0.0,0.0,0.0,0.0,0.0,0.0,0.0,0.0,0.0,0.0,1.0,0.0,0.0,0.0,0.0,0.0,0.0,0.0,0.0,0.0,0.0,0.0,0.0,0.0,0.0,0.0,1.0,0.0,0.0,1.0,3.0,1.0,2.0,0.0,0.0,0.0,3.0,0.0,0.0,0.0,0.0,1.0,0.0,0.0,0.0,0.0,2.0,0.0,0.0,0.0,0.0,0.0,2.0,1.0,0.0,1.0,0.0,0.0,1.0,1.0,0.0,0.0,0.0,0.0,0.0,0.0,0.0,0.0,0.0,0.0,0.0,0.0,0.0,0.0,0.0,0.0,0.0,0.0,0.0,0.0,0.0,0.0,0.0,0.0,0.0,0.0,0.0,3.0,0.0,0.0,0.0,0.0,0.0,2.0,1.0,1.0,0.0,0.0,0.0,0.0,0.0,5.0,2.0,0.0,0.0,2.0,True,3.0,2.0,3.0,2.0,3.359140658654801,3.359140658654801e-06,499.9847538716489,893085.5551614137,1.5,320.8190002441406,323.4015197753906,321.04400634765625,330.6990051269531,4.214216709136963,4,0.5212501883506775,2.1112780570983887,2.4123318195343018,3.099198579788208,0.9603279829025269,4,0.909778356552124,3.687448024749756,4.212805271148682,5.414403438568115,1.6778299808502197,4,9.8800048828125,quasi pianeggiante (<3°)
83,4,22,22205,1098,222050001098,10,4,2220540001,0,0,0,0,0,0,22205010,0,0,0,0,1,1,,,,,,,,,,,,,,,,,,,,,,,,,,,,,,,,,,,,,,,,,,,,,,,,,,,,,,,,,,,,,,,,,,,,,,,,,,,,,,,,,,,,,,,,,,,,,,,,,,,,,,,,,,,,,,,,,,,,,,,,,,,,,,,,,,,,,,,,,,False,0.0,0.0,1.0,1.0,2.965957980079911,2.965957980079911e-06,35.18798551002447,0.0,,311.97601318359375,316.5296630859375,318.0719909667969,319.5409851074219,3.275289535522461,3,1.1590005159378052,9.572924613952637,1.3254389762878418,26.234333038330078,11.781591415405273,3,2.023113489151001,17.872468948364258,2.3137402534484863,49.28055191040039,22.209184646606445,3,7.564971923828125,quasi pianeggiante (<3°)
84,4,22,22205,1099,222050001099,65,4,2220540001,0,0,0,0,0,0,22205010,0,0,0,0,1,1,,,,,,,,,,,,,,,,,,,,,,,,,,,,,,,,,,,,,,,,,,,,,,,,,,,,,,,,,,,,,,,,,,,,,,,,,,,,,,,,,,,,,,,,,,,,,,,,,,,,,,,,,,,,,,,,,,,,,,,,,,,,,,,,,,,,,,,,,,False,0.0,0.0,1.0,1.0,3.4796957296131246,3.4796957296131248e-06,39.7577149068463,0.0,,319.91900634765625,320.13568115234375,320.04901123046875,320.4389953613281,0.2209518551826477,3,4.541097164154053,5.4628753662109375,5.584834098815918,6.262694358825684,0.7081100344657898,3,7.942346572875977,9.564970970153809,9.778362274169922,10.974203109741211,1.2469136714935303,3,0.519989013671875,debole (3–8°)
85,4,22,22205,1101,222050001101,16,4,2220540001,0,0,0,0,0,0,22205007,0,0,0,0,1,1,,,,,,,,,,,,,,,,,,,,,,,,,,,,,,,,,,,,,,,,,,,,,,,,,,,,,,,,,,,,,,,,,,,,,,,,,,,,,,,,,,,,,,,,,,,,,,,,,,,,,,,,,,,,,,,,,,,,,,,,,,,,,,,,,,,,,,,,,,False,0.0,0.0,1.0,1.0,22700.814146756118,0.022700814146756117,589.3020560280502,0.0,,359.0610046386719,365.7947082519531,364.6090087890625,372.4670104980469,2.7966907024383545,22710,0.0,5.969526767730713,1.9217417240142822,71.24588775634766,10.074113845825195,22710,0.0,11.726919174194336,3.355330228805542,294.5210266113281,23.51361846923828,22710,13.406005859375,quasi pianeggiante (<3°)
86,4,22,22205,1102,222050001102,10,4,2220540001,0,0,0,0,0,0,22205007,0,0,0,0,1,1,,,,,,,,,,,,,,,,,,,,,,,,,,,,,,,,,,,,,,,,,,,,,,,,,,,,,,,,,,,,,,,,,,,,,,,,,,,,,,,,,,,,,,,,,,,,,,,,,,,,,,,,,,,,,,,,,,,,,,,,,,,,,,,,,,,,,,,,,,False,0.0,0.0,1.0,1.0,6973.784126809262,0.006973784126809261,1247.9193170290287,0.0,,301.0539855957031,308.1715087890625,307.9519958496094,316.6809997558594,2.788074254989624,6954,0.0,25.90182876586914,24.486188888549805,66.16329193115234,17.04279327392578,6954,0.0,55.16935348510742,45.54351806640625,226.33749389648438,42.432254791259766,6954,15.62701416015625,elevata (15–25°)
87,4,22,22205,1106,222050001106,65,4,2220540001,0,0,0,0,0,0,22205009,0,0,0,0,1,1,,,,,,,,,,,,,,,,,,,,,,,,,,,,,,,,,,,,,,,,,,,,,,,,,,,,,,,,,,,,,,,,,,,,,,,,,,,,,,,,,,,,,,,,,,,,,,,,,,,,,,,,,,,,,,,,,,,,,,,,,,,,,,,,,,,,,,,,,,False,0.0,0.0,1.0,1.0,1.323032019569678,1.323032019569678e-06,194.42595321188176,0.0,,313.2330017089844,313.24798583984375,313.24798583984375,313.26300048828125,0.014999397099018097,2,1.9541600942611694,1.983135461807251,1.983135461807251,2.012110948562622,0.02897542715072632,2,3.411975860595703,3.4626083374023438,3.4626083374023438,3.5132405757904053,0.050632357597351074,2,0.029998779296875,quasi pianeggiante (<3°)
88,4,22,22205,1107,222050001107,37,4,2220540001,0,0,0,0,0,0,22205007,0,0,0,0,1,1,,,,,,,,,,,,,,,,,,,,,,,,,,,,,,,,,,,,,,,,,,,,,,,,,,,,,,,,,,,,,,,,,,,,,,,,,,,,,,,,,,,,,,,,,,,,,,,,,,,,,,,,,,,,,,,,,,,,,,,,,,,,,,,,,,,,,,,,,,False,0.0,0.0,1.0,1.0,9282.602704329436,0.009282602704329436,420.3293686810281,0.0,,370.093994140625,375.423583984375,375.1919860839844,381.4309997558594,2.539597272872925,9293,0.0,10.035531044006348,5.74570369720459,75.7772445678711,12.21667766571045,9293,0.0,20.66153335571289,10.061896324157715,394.5370788574219,35.66999435424805,9293,11.337005615234375,debole (3–8°)
89,4,22,22205,1165,222050001165,33,4,2220540001,0,0,0,0,0,0,22205007,0,0,0,0,1,1,,,,,,,,,,,,,,,,,,,,,,,,,,,,,,,,,,,,,,,,,,,,,,,,,,,,,,,,,,,,,,,,,,,,,,,,,,,,,,,,,,,,,,,,,,,,,,,,,,,,,,,,,,,,,,,,,,,,,,,,,,,,,,,,,,,,,,,,,,False,0.0,0.0,1.0,1.0,2286.4087586998858,0.0022864087586998857,214.32604533707357,0.0,,345.7130126953125,354.4732360839844,354.552490234375,356.75201416015625,1.677113652229309,2290,0.0,10.818953514099121,4.618397235870361,71.73308563232422,13.303868293762207,2290,0.0,21.86440086364746,8.078126907348633,302.958740234375,32.62295913696289,2290,11.03900146484375,debole (3–8°)
90,4,22,22205,1198,222050001198,37,1,2220510018,0,0,0,0,0,0,22205009,0,0,53,0,1,1,4.0,Trentino-Alto Adige/Südtirol,22.0,Trento,205.0,Trento,22205.0,22205009.0,0.0,0.0,54.0,9.0,45.0,0.0,0.0,0.0,0.0,0.0,0.0,0.0,0.0,0.0,0.0,1.0,0.0,1.0,1.0,4.0,47.0,0.0,0.0,0.0,0.0,0.0,0.0,0.0,0.0,0.0,0.0,1.0,0.0,1.0,0.0,2.0,5.0,0.0,0.0,0.0,0.0,0.0,0.0,0.0,0.0,0.0,0.0,0.0,0.0,0.0,1.0,2.0,42.0,54.0,9.0,45.0,1.0,29.0,13.0,7.0,4.0,1.0,3.0,1.0,1.0,3.0,0.0,26.0,12.0,6.0,1.0,1.0,1.0,0.0,0.0,1.0,52.0,0.0,1.0,7.0,0.0,0.0,45.0,0.0,0.0,0.0,1.0,1.0,0.0,0.0,1.0,0.0,1.0,1.0,0.0,0.0,0.0,0.0,0.0,1.0,0.0,0.0,1.0,0.0,0.0,0.0,0.0,1.0,1.0,0.0,53.0,0.0,0.0,0.0,0.0,1.0,0.0,0.0,0.0,0.0,0.0,0.0,0.0,0.0,5.0,0.0,0.0,0.0,0.0,True,54.0,0.0,1.0,1.0,0.05221922879861173,5.221922879861173e-08,30.61411149886331,1034101828.8158941,,,,,,,0,,,,,,0,,,,,,0,,dato non disponibile
91,4,22,22205,1223,222050001223,37,1,2220510011,0,0,0,0,0,0,22205007,0,0,0,0,1,1,,,,,,,,,,,,,,,,,,,,,,,,,,,,,,,,,,,,,,,,,,,,,,,,,,,,,,,,,,,,,,,,,,,,,,,,,,,,,,,,,,,,,,,,,,,,,,,,,,,,,,,,,,,,,,,,,,,,,,,,,,,,,,,,,,,,,,,,,,False,0.0,0.0,1.0,1.0,3002.5482639680968,0.003002548263968097,232.05253906893,0.0,,463.3370056152344,466.5295715332031,466.7449951171875,471.31500244140625,1.2266305685043335,3002,0.0,8.708907127380371,2.7156314849853516,71.26653289794922,14.681747436523438,3002,0.0,19.227706909179688,4.743223667144775,294.86993408203125,39.57725143432617,3002,7.977996826171875,quasi pianeggiante (<3°)
92,4,22,22205,1224,222050001224,37,1,2220510011,0,0,0,0,0,0,22205007,0,0,0,0,1,0,,,,,,,,,,,,,,,,,,,,,,,,,,,,,,,,,,,,,,,,,,,,,,,,,,,,,,,,,,,,,,,,,,,,,,,,,,,,,,,,,,,,,,,,,,,,,,,,,,,,,,,,,,,,,,,,,,,,,,,,,,,,,,,,,,,,,,,,,,False,0.0,0.0,1.0,0.0,1637.3776469592158,0.0016373776469592158,168.04918780901474,0.0,,482.8909912109375,483.6540222167969,483.6109924316406,486.1910095214844,0.4382685422897339,1637,0.0,3.9515583515167236,2.7156314849853516,48.74534225463867,4.446828842163086,1637,0.0,7.032777786254883,4.743223667144775,114.00944519042969,8.598320007324219,1637,3.300018310546875,quasi pianeggiante (<3°)
93,4,22,22205,1225,222050001225,2,1,2220510011,0,0,0,0,0,0,22205007,0,0,0,0,1,0,,,,,,,,,,,,,,,,,,,,,,,,,,,,,,,,,,,,,,,,,,,,,,,,,,,,,,,,,,,,,,,,,,,,,,,,,,,,,,,,,,,,,,,,,,,,,,,,,,,,,,,,,,,,,,,,,,,,,,,,,,,,,,,,,,,,,,,,,,False,0.0,0.0,1.0,0.0,1233.4886921365242,0.0012334886921365241,146.52624096095187,0.0,,480.1300048828125,480.5588073730469,480.54998779296875,481.8999938964844,0.2307172417640686,1232,0.0,3.7127232551574707,2.7156314849853516,38.52401351928711,3.593374013900757,1232,0.0,6.54676628112793,4.743223667144775,79.61204528808594,6.608824729919434,1232,1.769989013671875,quasi pianeggiante (<3°)
94,4,22,22205,1275,222050001275,65,4,2220540001,0,0,0,0,0,0,22205009,0,0,0,0,1,1,,,,,,,,,,,,,,,,,,,,,,,,,,,,,,,,,,,,,,,,,,,,,,,,,,,,,,,,,,,,,,,,,,,,,,,,,,,,,,,,,,,,,,,,,,,,,,,,,,,,,,,,,,,,,,,,,,,,,,,,,,,,,,,,,,,,,,,,,,False,0.0,0.0,1.0,1.0,2.6357771372860617,2.635777137286062e-06,31.202616632249814,0.0,,274.5369873046875,274.5669860839844,274.5669860839844,274.59698486328125,0.029998779296875,2,3.617708921432495,4.797727108001709,4.797727108001709,5.977745532989502,1.1800183057785034,2,6.322497844696045,8.396825790405273,8.396825790405273,10.47115421295166,2.0743281841278076,2,0.05999755859375,debole (3–8°)
95,4,22,22236,4,222360000004,22,4,2223640001,0,0,0,0,0,0,0,0,0,0,0,3,2,4.0,Trentino-Alto Adige/Südtirol,22.0,Trento,236.0,Altopiano della Vigolana,22236.0,0.0,0.0,0.0,0.0,0.0,0.0,0.0,0.0,0.0,0.0,0.0,0.0,0.0,0.0,0.0,0.0,0.0,0.0,0.0,0.0,0.0,0.0,0.0,0.0,0.0,0.0,0.0,0.0,0.0,0.0,0.0,0.0,0.0,0.0,0.0,0.0,0.0,0.0,0.0,0.0,0.0,0.0,0.0,0.0,0.0,0.0,0.0,0.0,0.0,0.0,0.0,0.0,0.0,0.0,0.0,0.0,0.0,0.0,0.0,0.0,0.0,0.0,0.0,0.0,0.0,0.0,0.0,0.0,0.0,0.0,0.0,0.0,0.0,0.0,0.0,0.0,0.0,0.0,0.0,0.0,0.0,0.0,0.0,0.0,0.0,0.0,0.0,0.0,0.0,0.0,0.0,0.0,0.0,0.0,0.0,0.0,0.0,0.0,0.0,0.0,0.0,0.0,0.0,0.0,0.0,0.0,0.0,0.0,0.0,0.0,0.0,0.0,0.0,0.0,0.0,0.0,0.0,0.0,0.0,0.0,0.0,0.0,0.0,0.0,0.0,0.0,0.0,1.0,0.0,1.0,True,0.0,0.0,3.0,2.0,0.00018360254412333964,1.8360254412333965e-10,43.55028871988367,0.0,,,,,,,0,,,,,,0,,,,,,0,,dato non disponibile
